--------------------------------------------------------
--  File created - Sunday-April-19-2026   
--------------------------------------------------------
--------------------------------------------------------
--  DDL for Sequence ASSET_ID_SEQ
--------------------------------------------------------

   CREATE SEQUENCE  "RICO"."ASSET_ID_SEQ"  MINVALUE 1 MAXVALUE 9999999999999999999999999999 INCREMENT BY 1 START WITH 39 NOCACHE  NOORDER  NOCYCLE
--------------------------------------------------------
--  DDL for Sequence ASSET_SEQ
--------------------------------------------------------

   CREATE SEQUENCE  "RICO"."ASSET_SEQ"  MINVALUE 1 MAXVALUE 9999999999999999999999999999 INCREMENT BY 1 START WITH 39 NOCACHE  NOORDER  NOCYCLE
--------------------------------------------------------
--  DDL for Sequence AUDIT_SEQ
--------------------------------------------------------

   CREATE SEQUENCE  "RICO"."AUDIT_SEQ"  MINVALUE 1 MAXVALUE 9999999999999999999999999999 INCREMENT BY 1 START WITH 6 NOCACHE  NOORDER  NOCYCLE
--------------------------------------------------------
--  DDL for Sequence BORROW_SEQ
--------------------------------------------------------

   CREATE SEQUENCE  "RICO"."BORROW_SEQ"  MINVALUE 1 MAXVALUE 9999999999999999999999999999 INCREMENT BY 1 START WITH 7 NOCACHE  NOORDER  NOCYCLE
--------------------------------------------------------
--  DDL for Sequence CAT_SEQ
--------------------------------------------------------

   CREATE SEQUENCE  "RICO"."CAT_SEQ"  MINVALUE 1 MAXVALUE 9999999999999999999999999999 INCREMENT BY 1 START WITH 21 CACHE 20 NOORDER  NOCYCLE
--------------------------------------------------------
--  DDL for Sequence CUSTODIAN_SEQ
--------------------------------------------------------

   CREATE SEQUENCE  "RICO"."CUSTODIAN_SEQ"  MINVALUE 1 MAXVALUE 9999999999999999999999999999 INCREMENT BY 1 START WITH 36 NOCACHE  NOORDER  NOCYCLE
--------------------------------------------------------
--  DDL for Sequence DEL_REQ_SEQ
--------------------------------------------------------

   CREATE SEQUENCE  "RICO"."DEL_REQ_SEQ"  MINVALUE 1 MAXVALUE 9999999999999999999999999999 INCREMENT BY 1 START WITH 9 NOCACHE  NOORDER  NOCYCLE
--------------------------------------------------------
--  DDL for Sequence DEPT_SEQ
--------------------------------------------------------

   CREATE SEQUENCE  "RICO"."DEPT_SEQ"  MINVALUE 1 MAXVALUE 9999999999999999999999999999 INCREMENT BY 1 START WITH 61 CACHE 20 NOORDER  NOCYCLE
--------------------------------------------------------
--  DDL for Sequence ITEM_TYPE_SEQ
--------------------------------------------------------

   CREATE SEQUENCE  "RICO"."ITEM_TYPE_SEQ"  MINVALUE 1 MAXVALUE 9999999999999999999999999999 INCREMENT BY 1 START WITH 21 CACHE 20 NOORDER  NOCYCLE
--------------------------------------------------------
--  DDL for Sequence MAINT_SEQ
--------------------------------------------------------

   CREATE SEQUENCE  "RICO"."MAINT_SEQ"  MINVALUE 1 MAXVALUE 9999999999999999999999999999 INCREMENT BY 1 START WITH 7 NOCACHE  NOORDER  NOCYCLE
--------------------------------------------------------
--  DDL for Sequence MAINT_TYPE_SEQ
--------------------------------------------------------

   CREATE SEQUENCE  "RICO"."MAINT_TYPE_SEQ"  MINVALUE 1 MAXVALUE 9999999999999999999999999999 INCREMENT BY 1 START WITH 9 NOCACHE  NOORDER  NOCYCLE
--------------------------------------------------------
--  DDL for Sequence PASSWORD_RESETS_SEQ
--------------------------------------------------------

   CREATE SEQUENCE  "RICO"."PASSWORD_RESETS_SEQ"  MINVALUE 1 MAXVALUE 9999999999999999999999999999 INCREMENT BY 1 START WITH 3 NOCACHE  NOORDER  NOCYCLE
--------------------------------------------------------
--  DDL for Sequence REMEMBER_TOKENS_SEQ
--------------------------------------------------------

   CREATE SEQUENCE  "RICO"."REMEMBER_TOKENS_SEQ"  MINVALUE 1 MAXVALUE 9999999999999999999999999999 INCREMENT BY 1 START WITH 13 NOCACHE  NOORDER  NOCYCLE
--------------------------------------------------------
--  DDL for Sequence REPORT_SEQ
--------------------------------------------------------

   CREATE SEQUENCE  "RICO"."REPORT_SEQ"  MINVALUE 1 MAXVALUE 9999999999999999999999999999 INCREMENT BY 1 START WITH 11 NOCACHE  NOORDER  NOCYCLE
--------------------------------------------------------
--  DDL for Sequence SCHEDULE_SEQ
--------------------------------------------------------

   CREATE SEQUENCE  "RICO"."SCHEDULE_SEQ"  MINVALUE 1 MAXVALUE 9999999999999999999999999999 INCREMENT BY 1 START WITH 4 NOCACHE  NOORDER  NOCYCLE
--------------------------------------------------------
--  DDL for Sequence USERS_SEQ
--------------------------------------------------------

   CREATE SEQUENCE  "RICO"."USERS_SEQ"  MINVALUE 1 MAXVALUE 9999999999999999999999999999 INCREMENT BY 1 START WITH 23 NOCACHE  NOORDER  NOCYCLE
--------------------------------------------------------
--  DDL for Table PASSWORD_RESETS
--------------------------------------------------------

  CREATE TABLE "RICO"."PASSWORD_RESETS" 
   (	"ID" NUMBER, 
	"EMAIL" VARCHAR2(255) NOT NULL ENABLE, 
	"OTP_HASH" VARCHAR2(255) NOT NULL ENABLE, 
	"EXPIRES_AT" DATE NOT NULL ENABLE, 
	"USED" NUMBER(1,0) DEFAULT 0, 
	 PRIMARY KEY ("ID")
  USING INDEX PCTFREE 10 INITRANS 2 MAXTRANS 255 COMPUTE STATISTICS 
  STORAGE(INITIAL 65536 NEXT 1048576 MINEXTENTS 1 MAXEXTENTS 2147483645
  PCTINCREASE 0 FREELISTS 1 FREELIST GROUPS 1 BUFFER_POOL DEFAULT FLASH_CACHE DEFAULT CELL_FLASH_CACHE DEFAULT)
  TABLESPACE "SYSTEM"  ENABLE
   ) SEGMENT CREATION IMMEDIATE 
  PCTFREE 10 PCTUSED 40 INITRANS 1 MAXTRANS 255 NOCOMPRESS LOGGING
  STORAGE(INITIAL 65536 NEXT 1048576 MINEXTENTS 1 MAXEXTENTS 2147483645
  PCTINCREASE 0 FREELISTS 1 FREELIST GROUPS 1 BUFFER_POOL DEFAULT FLASH_CACHE DEFAULT CELL_FLASH_CACHE DEFAULT)
  TABLESPACE "SYSTEM"
--------------------------------------------------------
--  DDL for Table REMEMBER_TOKENS
--------------------------------------------------------

  CREATE TABLE "RICO"."REMEMBER_TOKENS" 
   (	"ID" NUMBER NOT NULL ENABLE, 
	"USER_ID" NUMBER NOT NULL ENABLE, 
	"TOKEN_HASH" VARCHAR2(255) NOT NULL ENABLE, 
	"EXPIRES_AT" TIMESTAMP (6) NOT NULL ENABLE, 
	 CONSTRAINT "REMEMBER_TOKENS_PK" PRIMARY KEY ("ID")
  USING INDEX PCTFREE 10 INITRANS 2 MAXTRANS 255 COMPUTE STATISTICS 
  STORAGE(INITIAL 65536 NEXT 1048576 MINEXTENTS 1 MAXEXTENTS 2147483645
  PCTINCREASE 0 FREELISTS 1 FREELIST GROUPS 1 BUFFER_POOL DEFAULT FLASH_CACHE DEFAULT CELL_FLASH_CACHE DEFAULT)
  TABLESPACE "SYSTEM"  ENABLE, 
	 CONSTRAINT "REMEMBER_TOKEN_USER_FK" FOREIGN KEY ("USER_ID")
	  REFERENCES "RICO"."USERS" ("USER_ID") ON DELETE CASCADE ENABLE
   ) SEGMENT CREATION IMMEDIATE 
  PCTFREE 10 PCTUSED 40 INITRANS 1 MAXTRANS 255 NOCOMPRESS LOGGING
  STORAGE(INITIAL 65536 NEXT 1048576 MINEXTENTS 1 MAXEXTENTS 2147483645
  PCTINCREASE 0 FREELISTS 1 FREELIST GROUPS 1 BUFFER_POOL DEFAULT FLASH_CACHE DEFAULT CELL_FLASH_CACHE DEFAULT)
  TABLESPACE "SYSTEM"
--------------------------------------------------------
--  DDL for Table TBL_ASSETS
--------------------------------------------------------

  CREATE TABLE "RICO"."TBL_ASSETS" 
   (	"ID" NUMBER, 
	"ASSET_ID" VARCHAR2(50) NOT NULL ENABLE, 
	"QR_CODE" VARCHAR2(100) NOT NULL ENABLE, 
	"CATEGORY_ID" NUMBER, 
	"DEPARTMENT_ID" NUMBER, 
	"ITEM_TYPE_ID" NUMBER, 
	"DESCRIPTION" VARCHAR2(255) NOT NULL ENABLE, 
	"SERIAL_NUMBER" VARCHAR2(100), 
	"LOCATION" VARCHAR2(150), 
	"STATUS" VARCHAR2(20) DEFAULT 'Available', 
	"IS_CERTIFIED" NUMBER(1,0) DEFAULT 0, 
	"IS_DELETED" NUMBER(1,0) DEFAULT 0, 
	"DELETED_AT" TIMESTAMP (6), 
	"DELETED_BY" VARCHAR2(100), 
	"CREATED_AT" TIMESTAMP (6) DEFAULT CURRENT_TIMESTAMP, 
	"UPDATED_AT" TIMESTAMP (6) DEFAULT CURRENT_TIMESTAMP, 
	"CUSTODIAN_ID" NUMBER, 
	 CONSTRAINT "CHK_ASSET_CERTIFIED" CHECK (is_certified IN (0, 1)) ENABLE, 
	 CONSTRAINT "CHK_ASSET_DELETED" CHECK (is_deleted   IN (0, 1)) ENABLE, 
	 CONSTRAINT "PK_ASSETS" PRIMARY KEY ("ID")
  USING INDEX PCTFREE 10 INITRANS 2 MAXTRANS 255 COMPUTE STATISTICS 
  STORAGE(INITIAL 65536 NEXT 1048576 MINEXTENTS 1 MAXEXTENTS 2147483645
  PCTINCREASE 0 FREELISTS 1 FREELIST GROUPS 1 BUFFER_POOL DEFAULT FLASH_CACHE DEFAULT CELL_FLASH_CACHE DEFAULT)
  TABLESPACE "SYSTEM"  ENABLE, 
	 CONSTRAINT "UQ_ASSETS_ASSET_ID" UNIQUE ("ASSET_ID")
  USING INDEX PCTFREE 10 INITRANS 2 MAXTRANS 255 COMPUTE STATISTICS 
  STORAGE(INITIAL 65536 NEXT 1048576 MINEXTENTS 1 MAXEXTENTS 2147483645
  PCTINCREASE 0 FREELISTS 1 FREELIST GROUPS 1 BUFFER_POOL DEFAULT FLASH_CACHE DEFAULT CELL_FLASH_CACHE DEFAULT)
  TABLESPACE "SYSTEM"  ENABLE, 
	 CONSTRAINT "UQ_ASSETS_QRCODE" UNIQUE ("QR_CODE")
  USING INDEX PCTFREE 10 INITRANS 2 MAXTRANS 255 COMPUTE STATISTICS 
  STORAGE(INITIAL 65536 NEXT 1048576 MINEXTENTS 1 MAXEXTENTS 2147483645
  PCTINCREASE 0 FREELISTS 1 FREELIST GROUPS 1 BUFFER_POOL DEFAULT FLASH_CACHE DEFAULT CELL_FLASH_CACHE DEFAULT)
  TABLESPACE "SYSTEM"  ENABLE, 
	 CONSTRAINT "FK_ASSET_CATEGORY" FOREIGN KEY ("CATEGORY_ID")
	  REFERENCES "RICO"."TBL_CATEGORIES" ("CATEGORY_ID") ENABLE, 
	 CONSTRAINT "FK_ASSET_DEPARTMENT" FOREIGN KEY ("DEPARTMENT_ID")
	  REFERENCES "RICO"."TBL_DEPARTMENTS" ("DEPARTMENT_ID") ENABLE, 
	 CONSTRAINT "FK_ASSET_ITEM_TYPE" FOREIGN KEY ("ITEM_TYPE_ID")
	  REFERENCES "RICO"."TBL_ITEM_TYPES" ("ITEM_TYPE_ID") ENABLE, 
	 CONSTRAINT "FK_ASSET_CUSTODIAN" FOREIGN KEY ("CUSTODIAN_ID")
	  REFERENCES "RICO"."TBL_CUSTODIANS" ("CUSTODIAN_ID") ON DELETE SET NULL ENABLE
   ) SEGMENT CREATION IMMEDIATE 
  PCTFREE 10 PCTUSED 40 INITRANS 1 MAXTRANS 255 NOCOMPRESS LOGGING
  STORAGE(INITIAL 65536 NEXT 1048576 MINEXTENTS 1 MAXEXTENTS 2147483645
  PCTINCREASE 0 FREELISTS 1 FREELIST GROUPS 1 BUFFER_POOL DEFAULT FLASH_CACHE DEFAULT CELL_FLASH_CACHE DEFAULT)
  TABLESPACE "SYSTEM"
--------------------------------------------------------
--  DDL for Table TBL_AUDIT_LOGS
--------------------------------------------------------

  CREATE TABLE "RICO"."TBL_AUDIT_LOGS" 
   (	"LOG_ID" NUMBER NOT NULL ENABLE, 
	"ACTION_TYPE" VARCHAR2(50) NOT NULL ENABLE, 
	"MODULE" VARCHAR2(50) NOT NULL ENABLE, 
	"PERFORMED_BY" VARCHAR2(150) NOT NULL ENABLE, 
	"USER_ROLE" VARCHAR2(20) DEFAULT 'Staff', 
	"DESCRIPTION" VARCHAR2(1000) NOT NULL ENABLE, 
	"IP_ADDRESS" VARCHAR2(45), 
	"REFERENCE_ID" VARCHAR2(100), 
	"CREATED_AT" TIMESTAMP (6) DEFAULT CURRENT_TIMESTAMP, 
	 CONSTRAINT "PK_AUDIT_LOGS" PRIMARY KEY ("LOG_ID")
  USING INDEX PCTFREE 10 INITRANS 2 MAXTRANS 255 
  STORAGE(INITIAL 65536 NEXT 1048576 MINEXTENTS 1 MAXEXTENTS 2147483645
  PCTINCREASE 0 FREELISTS 1 FREELIST GROUPS 1 BUFFER_POOL DEFAULT FLASH_CACHE DEFAULT CELL_FLASH_CACHE DEFAULT)
  TABLESPACE "SYSTEM"  ENABLE
   ) SEGMENT CREATION IMMEDIATE 
  PCTFREE 10 PCTUSED 40 INITRANS 1 MAXTRANS 255 NOCOMPRESS LOGGING
  STORAGE(INITIAL 65536 NEXT 1048576 MINEXTENTS 1 MAXEXTENTS 2147483645
  PCTINCREASE 0 FREELISTS 1 FREELIST GROUPS 1 BUFFER_POOL DEFAULT FLASH_CACHE DEFAULT CELL_FLASH_CACHE DEFAULT)
  TABLESPACE "SYSTEM"
--------------------------------------------------------
--  DDL for Table TBL_BORROWS
--------------------------------------------------------

  CREATE TABLE "RICO"."TBL_BORROWS" 
   (	"BORROW_ID" NUMBER, 
	"ASSET_ID" VARCHAR2(50) NOT NULL ENABLE, 
	"DEPARTMENT_ID" NUMBER NOT NULL ENABLE, 
	"FIRST_NAME" VARCHAR2(100) NOT NULL ENABLE, 
	"MIDDLE_NAME" VARCHAR2(100), 
	"LAST_NAME" VARCHAR2(100) NOT NULL ENABLE, 
	"SUFFIX" VARCHAR2(20), 
	"BORROW_DATE" VARCHAR2(20) NOT NULL ENABLE, 
	"DUE_DATE" VARCHAR2(20) NOT NULL ENABLE, 
	"RETURN_DATE" VARCHAR2(20), 
	"PURPOSE" VARCHAR2(255), 
	"STATUS" VARCHAR2(20) DEFAULT 'Pending', 
	"REMARKS" VARCHAR2(255), 
	"CREATED_AT" TIMESTAMP (6) DEFAULT CURRENT_TIMESTAMP, 
	"UPDATED_AT" TIMESTAMP (6) DEFAULT CURRENT_TIMESTAMP, 
	 CONSTRAINT "CHK_BORROW_STATUS" CHECK (status IN ('Pending', 'Borrowed', 'Returned','Overdue', 'Cancelled', 'Overdue')) ENABLE, 
	 CONSTRAINT "PK_BORROWS" PRIMARY KEY ("BORROW_ID")
  USING INDEX PCTFREE 10 INITRANS 2 MAXTRANS 255 COMPUTE STATISTICS 
  STORAGE(INITIAL 65536 NEXT 1048576 MINEXTENTS 1 MAXEXTENTS 2147483645
  PCTINCREASE 0 FREELISTS 1 FREELIST GROUPS 1 BUFFER_POOL DEFAULT FLASH_CACHE DEFAULT CELL_FLASH_CACHE DEFAULT)
  TABLESPACE "SYSTEM"  ENABLE, 
	 CONSTRAINT "FK_BORROW_ASSET" FOREIGN KEY ("ASSET_ID")
	  REFERENCES "RICO"."TBL_ASSETS" ("ASSET_ID") ENABLE, 
	 CONSTRAINT "FK_BORROW_DEPT" FOREIGN KEY ("DEPARTMENT_ID")
	  REFERENCES "RICO"."TBL_DEPARTMENTS" ("DEPARTMENT_ID") ENABLE
   ) SEGMENT CREATION IMMEDIATE 
  PCTFREE 10 PCTUSED 40 INITRANS 1 MAXTRANS 255 NOCOMPRESS LOGGING
  STORAGE(INITIAL 65536 NEXT 1048576 MINEXTENTS 1 MAXEXTENTS 2147483645
  PCTINCREASE 0 FREELISTS 1 FREELIST GROUPS 1 BUFFER_POOL DEFAULT FLASH_CACHE DEFAULT CELL_FLASH_CACHE DEFAULT)
  TABLESPACE "SYSTEM"
--------------------------------------------------------
--  DDL for Table TBL_CATEGORIES
--------------------------------------------------------

  CREATE TABLE "RICO"."TBL_CATEGORIES" 
   (	"CATEGORY_ID" NUMBER, 
	"CATEGORY_NAME" VARCHAR2(100) NOT NULL ENABLE, 
	"CREATED_AT" TIMESTAMP (6) DEFAULT CURRENT_TIMESTAMP, 
	 CONSTRAINT "PK_CATEGORIES" PRIMARY KEY ("CATEGORY_ID")
  USING INDEX PCTFREE 10 INITRANS 2 MAXTRANS 255 COMPUTE STATISTICS 
  STORAGE(INITIAL 65536 NEXT 1048576 MINEXTENTS 1 MAXEXTENTS 2147483645
  PCTINCREASE 0 FREELISTS 1 FREELIST GROUPS 1 BUFFER_POOL DEFAULT FLASH_CACHE DEFAULT CELL_FLASH_CACHE DEFAULT)
  TABLESPACE "SYSTEM"  ENABLE
   ) SEGMENT CREATION IMMEDIATE 
  PCTFREE 10 PCTUSED 40 INITRANS 1 MAXTRANS 255 NOCOMPRESS LOGGING
  STORAGE(INITIAL 65536 NEXT 1048576 MINEXTENTS 1 MAXEXTENTS 2147483645
  PCTINCREASE 0 FREELISTS 1 FREELIST GROUPS 1 BUFFER_POOL DEFAULT FLASH_CACHE DEFAULT CELL_FLASH_CACHE DEFAULT)
  TABLESPACE "SYSTEM"
--------------------------------------------------------
--  DDL for Table TBL_CUSTODIANS
--------------------------------------------------------

  CREATE TABLE "RICO"."TBL_CUSTODIANS" 
   (	"CUSTODIAN_ID" NUMBER, 
	"DEPARTMENT_ID" NUMBER NOT NULL ENABLE, 
	"FIRST_NAME" VARCHAR2(100) NOT NULL ENABLE, 
	"MIDDLE_NAME" VARCHAR2(100), 
	"LAST_NAME" VARCHAR2(100) NOT NULL ENABLE, 
	"SUFFIX" VARCHAR2(20), 
	"EMPLOYEE_ID" VARCHAR2(50), 
	"EMAIL" VARCHAR2(150), 
	"PHONE" VARCHAR2(30), 
	"STATUS" VARCHAR2(20) DEFAULT 'Active' NOT NULL ENABLE, 
	"CREATED_AT" TIMESTAMP (6) DEFAULT CURRENT_TIMESTAMP NOT NULL ENABLE, 
	 PRIMARY KEY ("CUSTODIAN_ID")
  USING INDEX PCTFREE 10 INITRANS 2 MAXTRANS 255 COMPUTE STATISTICS 
  STORAGE(INITIAL 65536 NEXT 1048576 MINEXTENTS 1 MAXEXTENTS 2147483645
  PCTINCREASE 0 FREELISTS 1 FREELIST GROUPS 1 BUFFER_POOL DEFAULT FLASH_CACHE DEFAULT CELL_FLASH_CACHE DEFAULT)
  TABLESPACE "SYSTEM"  ENABLE, 
	 CONSTRAINT "FK_CUST_DEPT" FOREIGN KEY ("DEPARTMENT_ID")
	  REFERENCES "RICO"."TBL_DEPARTMENTS" ("DEPARTMENT_ID") ENABLE
   ) SEGMENT CREATION IMMEDIATE 
  PCTFREE 10 PCTUSED 40 INITRANS 1 MAXTRANS 255 NOCOMPRESS LOGGING
  STORAGE(INITIAL 65536 NEXT 1048576 MINEXTENTS 1 MAXEXTENTS 2147483645
  PCTINCREASE 0 FREELISTS 1 FREELIST GROUPS 1 BUFFER_POOL DEFAULT FLASH_CACHE DEFAULT CELL_FLASH_CACHE DEFAULT)
  TABLESPACE "SYSTEM"
--------------------------------------------------------
--  DDL for Table TBL_DELETION_REQUESTS
--------------------------------------------------------

  CREATE TABLE "RICO"."TBL_DELETION_REQUESTS" 
   (	"REQUEST_ID" NUMBER NOT NULL ENABLE, 
	"ASSET_ID" VARCHAR2(50) NOT NULL ENABLE, 
	"REQUESTED_BY" VARCHAR2(100) NOT NULL ENABLE, 
	"REASON" VARCHAR2(500) NOT NULL ENABLE, 
	"STATUS" VARCHAR2(20) DEFAULT 'Pending', 
	"REVIEWED_BY" VARCHAR2(100), 
	"REVIEWED_AT" TIMESTAMP (6), 
	"CREATED_AT" TIMESTAMP (6) DEFAULT CURRENT_TIMESTAMP, 
	 CONSTRAINT "CHK_DELREQ_STATUS" CHECK (
    STATUS IN ('Pending', 'Approved', 'Rejected')
  ) ENABLE, 
	 CONSTRAINT "PK_DELETION_REQUESTS" PRIMARY KEY ("REQUEST_ID")
  USING INDEX PCTFREE 10 INITRANS 2 MAXTRANS 255 COMPUTE STATISTICS 
  STORAGE(INITIAL 65536 NEXT 1048576 MINEXTENTS 1 MAXEXTENTS 2147483645
  PCTINCREASE 0 FREELISTS 1 FREELIST GROUPS 1 BUFFER_POOL DEFAULT FLASH_CACHE DEFAULT CELL_FLASH_CACHE DEFAULT)
  TABLESPACE "SYSTEM"  ENABLE, 
	 CONSTRAINT "FK_DELREQ_ASSET" FOREIGN KEY ("ASSET_ID")
	  REFERENCES "RICO"."TBL_ASSETS" ("ASSET_ID") ON DELETE CASCADE ENABLE
   ) SEGMENT CREATION IMMEDIATE 
  PCTFREE 10 PCTUSED 40 INITRANS 1 MAXTRANS 255 NOCOMPRESS LOGGING
  STORAGE(INITIAL 65536 NEXT 1048576 MINEXTENTS 1 MAXEXTENTS 2147483645
  PCTINCREASE 0 FREELISTS 1 FREELIST GROUPS 1 BUFFER_POOL DEFAULT FLASH_CACHE DEFAULT CELL_FLASH_CACHE DEFAULT)
  TABLESPACE "SYSTEM"
--------------------------------------------------------
--  DDL for Table TBL_DEPARTMENTS
--------------------------------------------------------

  CREATE TABLE "RICO"."TBL_DEPARTMENTS" 
   (	"DEPARTMENT_ID" NUMBER, 
	"DEPARTMENT_NAME" VARCHAR2(100) NOT NULL ENABLE, 
	"CREATED_AT" TIMESTAMP (6) DEFAULT CURRENT_TIMESTAMP, 
	"BUILDING" VARCHAR2(150), 
	"DEPARTMENT_HEAD" VARCHAR2(200), 
	"STATUS" VARCHAR2(20) DEFAULT 'Active', 
	 CONSTRAINT "PK_DEPARTMENTS" PRIMARY KEY ("DEPARTMENT_ID")
  USING INDEX PCTFREE 10 INITRANS 2 MAXTRANS 255 COMPUTE STATISTICS 
  STORAGE(INITIAL 65536 NEXT 1048576 MINEXTENTS 1 MAXEXTENTS 2147483645
  PCTINCREASE 0 FREELISTS 1 FREELIST GROUPS 1 BUFFER_POOL DEFAULT FLASH_CACHE DEFAULT CELL_FLASH_CACHE DEFAULT)
  TABLESPACE "SYSTEM"  ENABLE
   ) SEGMENT CREATION IMMEDIATE 
  PCTFREE 10 PCTUSED 40 INITRANS 1 MAXTRANS 255 NOCOMPRESS LOGGING
  STORAGE(INITIAL 65536 NEXT 1048576 MINEXTENTS 1 MAXEXTENTS 2147483645
  PCTINCREASE 0 FREELISTS 1 FREELIST GROUPS 1 BUFFER_POOL DEFAULT FLASH_CACHE DEFAULT CELL_FLASH_CACHE DEFAULT)
  TABLESPACE "SYSTEM"
--------------------------------------------------------
--  DDL for Table TBL_ITEM_TYPES
--------------------------------------------------------

  CREATE TABLE "RICO"."TBL_ITEM_TYPES" 
   (	"ITEM_TYPE_ID" NUMBER, 
	"ITEM_TYPE_NAME" VARCHAR2(100) NOT NULL ENABLE, 
	"ITEM_TYPE_CODE" VARCHAR2(10) NOT NULL ENABLE, 
	 CONSTRAINT "PK_ITEM_TYPES" PRIMARY KEY ("ITEM_TYPE_ID")
  USING INDEX PCTFREE 10 INITRANS 2 MAXTRANS 255 COMPUTE STATISTICS 
  STORAGE(INITIAL 65536 NEXT 1048576 MINEXTENTS 1 MAXEXTENTS 2147483645
  PCTINCREASE 0 FREELISTS 1 FREELIST GROUPS 1 BUFFER_POOL DEFAULT FLASH_CACHE DEFAULT CELL_FLASH_CACHE DEFAULT)
  TABLESPACE "SYSTEM"  ENABLE
   ) SEGMENT CREATION IMMEDIATE 
  PCTFREE 10 PCTUSED 40 INITRANS 1 MAXTRANS 255 NOCOMPRESS LOGGING
  STORAGE(INITIAL 65536 NEXT 1048576 MINEXTENTS 1 MAXEXTENTS 2147483645
  PCTINCREASE 0 FREELISTS 1 FREELIST GROUPS 1 BUFFER_POOL DEFAULT FLASH_CACHE DEFAULT CELL_FLASH_CACHE DEFAULT)
  TABLESPACE "SYSTEM"
--------------------------------------------------------
--  DDL for Table TBL_MAINTENANCE
--------------------------------------------------------

  CREATE TABLE "RICO"."TBL_MAINTENANCE" 
   (	"MAINTENANCE_ID" NUMBER, 
	"ASSET_ID" VARCHAR2(50) NOT NULL ENABLE, 
	"TYPE_ID" NUMBER NOT NULL ENABLE, 
	"ISSUE_DESCRIPTION" VARCHAR2(255) NOT NULL ENABLE, 
	"TECH_FIRST_NAME" VARCHAR2(100) NOT NULL ENABLE, 
	"TECH_MIDDLE_NAME" VARCHAR2(100), 
	"TECH_LAST_NAME" VARCHAR2(100) NOT NULL ENABLE, 
	"TECH_SUFFIX" VARCHAR2(20), 
	"SCHEDULED_DATE" VARCHAR2(20) NOT NULL ENABLE, 
	"COMPLETED_DATE" VARCHAR2(20), 
	"NOTES" VARCHAR2(500), 
	"STATUS" VARCHAR2(20) DEFAULT 'Pending', 
	"CREATED_AT" TIMESTAMP (6) DEFAULT CURRENT_TIMESTAMP, 
	"UPDATED_AT" TIMESTAMP (6) DEFAULT CURRENT_TIMESTAMP, 
	 CONSTRAINT "CHK_MAINT_STATUS" CHECK (status IN ('Pending', 'In Progress', 'Completed', 'Cancelled')) ENABLE, 
	 CONSTRAINT "PK_MAINTENANCE" PRIMARY KEY ("MAINTENANCE_ID")
  USING INDEX PCTFREE 10 INITRANS 2 MAXTRANS 255 COMPUTE STATISTICS 
  STORAGE(INITIAL 65536 NEXT 1048576 MINEXTENTS 1 MAXEXTENTS 2147483645
  PCTINCREASE 0 FREELISTS 1 FREELIST GROUPS 1 BUFFER_POOL DEFAULT FLASH_CACHE DEFAULT CELL_FLASH_CACHE DEFAULT)
  TABLESPACE "SYSTEM"  ENABLE, 
	 CONSTRAINT "FK_MAINT_ASSET" FOREIGN KEY ("ASSET_ID")
	  REFERENCES "RICO"."TBL_ASSETS" ("ASSET_ID") ENABLE, 
	 CONSTRAINT "FK_MAINT_TYPE" FOREIGN KEY ("TYPE_ID")
	  REFERENCES "RICO"."TBL_MAINTENANCE_TYPES" ("TYPE_ID") ENABLE
   ) SEGMENT CREATION IMMEDIATE 
  PCTFREE 10 PCTUSED 40 INITRANS 1 MAXTRANS 255 NOCOMPRESS LOGGING
  STORAGE(INITIAL 65536 NEXT 1048576 MINEXTENTS 1 MAXEXTENTS 2147483645
  PCTINCREASE 0 FREELISTS 1 FREELIST GROUPS 1 BUFFER_POOL DEFAULT FLASH_CACHE DEFAULT CELL_FLASH_CACHE DEFAULT)
  TABLESPACE "SYSTEM"
--------------------------------------------------------
--  DDL for Table TBL_MAINTENANCE_TYPES
--------------------------------------------------------

  CREATE TABLE "RICO"."TBL_MAINTENANCE_TYPES" 
   (	"TYPE_ID" NUMBER, 
	"TYPE_NAME" VARCHAR2(100) NOT NULL ENABLE, 
	 CONSTRAINT "PK_MAINTENANCE_TYPES" PRIMARY KEY ("TYPE_ID")
  USING INDEX PCTFREE 10 INITRANS 2 MAXTRANS 255 COMPUTE STATISTICS 
  STORAGE(INITIAL 65536 NEXT 1048576 MINEXTENTS 1 MAXEXTENTS 2147483645
  PCTINCREASE 0 FREELISTS 1 FREELIST GROUPS 1 BUFFER_POOL DEFAULT FLASH_CACHE DEFAULT CELL_FLASH_CACHE DEFAULT)
  TABLESPACE "SYSTEM"  ENABLE
   ) SEGMENT CREATION IMMEDIATE 
  PCTFREE 10 PCTUSED 40 INITRANS 1 MAXTRANS 255 NOCOMPRESS LOGGING
  STORAGE(INITIAL 65536 NEXT 1048576 MINEXTENTS 1 MAXEXTENTS 2147483645
  PCTINCREASE 0 FREELISTS 1 FREELIST GROUPS 1 BUFFER_POOL DEFAULT FLASH_CACHE DEFAULT CELL_FLASH_CACHE DEFAULT)
  TABLESPACE "SYSTEM"
--------------------------------------------------------
--  DDL for Table TBL_REPORTS
--------------------------------------------------------

  CREATE TABLE "RICO"."TBL_REPORTS" 
   (	"REPORT_ID" NUMBER, 
	"REPORT_NAME" VARCHAR2(150) NOT NULL ENABLE, 
	"REPORT_TYPE" VARCHAR2(100) NOT NULL ENABLE, 
	"GENERATED_BY" VARCHAR2(100), 
	"GENERATED_AT" TIMESTAMP (6) DEFAULT CURRENT_TIMESTAMP, 
	"FORMAT" VARCHAR2(10) DEFAULT 'PDF', 
	"FILE_URL" VARCHAR2(500), 
	 CONSTRAINT "PK_REPORTS" PRIMARY KEY ("REPORT_ID")
  USING INDEX PCTFREE 10 INITRANS 2 MAXTRANS 255 COMPUTE STATISTICS 
  STORAGE(INITIAL 65536 NEXT 1048576 MINEXTENTS 1 MAXEXTENTS 2147483645
  PCTINCREASE 0 FREELISTS 1 FREELIST GROUPS 1 BUFFER_POOL DEFAULT FLASH_CACHE DEFAULT CELL_FLASH_CACHE DEFAULT)
  TABLESPACE "SYSTEM"  ENABLE
   ) SEGMENT CREATION IMMEDIATE 
  PCTFREE 10 PCTUSED 40 INITRANS 1 MAXTRANS 255 NOCOMPRESS LOGGING
  STORAGE(INITIAL 65536 NEXT 1048576 MINEXTENTS 1 MAXEXTENTS 2147483645
  PCTINCREASE 0 FREELISTS 1 FREELIST GROUPS 1 BUFFER_POOL DEFAULT FLASH_CACHE DEFAULT CELL_FLASH_CACHE DEFAULT)
  TABLESPACE "SYSTEM"
--------------------------------------------------------
--  DDL for Table TBL_SCHEDULED_REPORTS
--------------------------------------------------------

  CREATE TABLE "RICO"."TBL_SCHEDULED_REPORTS" 
   (	"SCHEDULE_ID" NUMBER, 
	"SCHEDULE_NAME" VARCHAR2(150) NOT NULL ENABLE, 
	"REPORT_TYPE" VARCHAR2(100) NOT NULL ENABLE, 
	"FREQUENCY" VARCHAR2(20) NOT NULL ENABLE, 
	"START_DATE" VARCHAR2(10) NOT NULL ENABLE, 
	"NEXT_RUN_DATE" VARCHAR2(10), 
	"CREATED_BY" VARCHAR2(100), 
	"CREATED_AT" TIMESTAMP (6) DEFAULT CURRENT_TIMESTAMP, 
	"IS_ACTIVE" NUMBER(1,0) DEFAULT 1, 
	"RUN_TIME" VARCHAR2(5) DEFAULT '08:00' NOT NULL ENABLE, 
	 CONSTRAINT "PK_SCHEDULED_REPORTS" PRIMARY KEY ("SCHEDULE_ID")
  USING INDEX PCTFREE 10 INITRANS 2 MAXTRANS 255 COMPUTE STATISTICS 
  STORAGE(INITIAL 65536 NEXT 1048576 MINEXTENTS 1 MAXEXTENTS 2147483645
  PCTINCREASE 0 FREELISTS 1 FREELIST GROUPS 1 BUFFER_POOL DEFAULT FLASH_CACHE DEFAULT CELL_FLASH_CACHE DEFAULT)
  TABLESPACE "SYSTEM"  ENABLE
   ) SEGMENT CREATION IMMEDIATE 
  PCTFREE 10 PCTUSED 40 INITRANS 1 MAXTRANS 255 NOCOMPRESS LOGGING
  STORAGE(INITIAL 65536 NEXT 1048576 MINEXTENTS 1 MAXEXTENTS 2147483645
  PCTINCREASE 0 FREELISTS 1 FREELIST GROUPS 1 BUFFER_POOL DEFAULT FLASH_CACHE DEFAULT CELL_FLASH_CACHE DEFAULT)
  TABLESPACE "SYSTEM"
--------------------------------------------------------
--  DDL for Table USERS
--------------------------------------------------------

  CREATE TABLE "RICO"."USERS" 
   (	"USER_ID" NUMBER(11,0), 
	"FULL_NAME" VARCHAR2(255) NOT NULL ENABLE, 
	"EMAIL" VARCHAR2(255) NOT NULL ENABLE, 
	"DEPARTMENT" VARCHAR2(255) NOT NULL ENABLE, 
	"EMPLOYEE_ID" VARCHAR2(100) NOT NULL ENABLE, 
	"PASSWORD" VARCHAR2(255) NOT NULL ENABLE, 
	"IS_VERIFIED" NUMBER(1,0) DEFAULT 0, 
	"CREATED_AT" TIMESTAMP (6) DEFAULT CURRENT_TIMESTAMP, 
	"UPDATED_AT" TIMESTAMP (6) DEFAULT CURRENT_TIMESTAMP, 
	"OTP_CODE" VARCHAR2(255), 
	"OTP_EXPIRES_AT" TIMESTAMP (6), 
	"ROLE" VARCHAR2(10) DEFAULT 'Staff' NOT NULL ENABLE, 
	 PRIMARY KEY ("USER_ID")
  USING INDEX PCTFREE 10 INITRANS 2 MAXTRANS 255 COMPUTE STATISTICS 
  STORAGE(INITIAL 65536 NEXT 1048576 MINEXTENTS 1 MAXEXTENTS 2147483645
  PCTINCREASE 0 FREELISTS 1 FREELIST GROUPS 1 BUFFER_POOL DEFAULT FLASH_CACHE DEFAULT CELL_FLASH_CACHE DEFAULT)
  TABLESPACE "SYSTEM"  ENABLE, 
	 UNIQUE ("EMAIL")
  USING INDEX PCTFREE 10 INITRANS 2 MAXTRANS 255 COMPUTE STATISTICS 
  STORAGE(INITIAL 65536 NEXT 1048576 MINEXTENTS 1 MAXEXTENTS 2147483645
  PCTINCREASE 0 FREELISTS 1 FREELIST GROUPS 1 BUFFER_POOL DEFAULT FLASH_CACHE DEFAULT CELL_FLASH_CACHE DEFAULT)
  TABLESPACE "SYSTEM"  ENABLE, 
	 UNIQUE ("EMPLOYEE_ID")
  USING INDEX PCTFREE 10 INITRANS 2 MAXTRANS 255 COMPUTE STATISTICS 
  STORAGE(INITIAL 65536 NEXT 1048576 MINEXTENTS 1 MAXEXTENTS 2147483645
  PCTINCREASE 0 FREELISTS 1 FREELIST GROUPS 1 BUFFER_POOL DEFAULT FLASH_CACHE DEFAULT CELL_FLASH_CACHE DEFAULT)
  TABLESPACE "SYSTEM"  ENABLE, 
	 CONSTRAINT "CHK_USER_ROLE" CHECK (role IN ('Staff', 'Admin')) ENABLE
   ) SEGMENT CREATION IMMEDIATE 
  PCTFREE 10 PCTUSED 40 INITRANS 1 MAXTRANS 255 NOCOMPRESS LOGGING
  STORAGE(INITIAL 65536 NEXT 1048576 MINEXTENTS 1 MAXEXTENTS 2147483645
  PCTINCREASE 0 FREELISTS 1 FREELIST GROUPS 1 BUFFER_POOL DEFAULT FLASH_CACHE DEFAULT CELL_FLASH_CACHE DEFAULT)
  TABLESPACE "SYSTEM"
REM INSERTING into RICO.PASSWORD_RESETS
SET DEFINE OFF;
Insert into RICO.PASSWORD_RESETS (ID,EMAIL,OTP_HASH,EXPIRES_AT,USED) values (2,'lvillete778@gmail.com','$2y$10$G9UlpFcnbwPeMk8pLlhVMOhhpuEAn9EDbGMRMpyhMfhSHvcLtH2vG',to_date('24-FEB-26','DD-MON-RR'),1);
REM INSERTING into RICO.REMEMBER_TOKENS
SET DEFINE OFF;
REM INSERTING into RICO.TBL_ASSETS
SET DEFINE OFF;
Insert into RICO.TBL_ASSETS (ID,ASSET_ID,QR_CODE,CATEGORY_ID,DEPARTMENT_ID,ITEM_TYPE_ID,DESCRIPTION,SERIAL_NUMBER,LOCATION,STATUS,IS_CERTIFIED,IS_DELETED,DELETED_AT,DELETED_BY,CREATED_AT,UPDATED_AT,CUSTODIAN_ID) values (23,'AST-CCS-0003-0023','http://localhost/1QCUPROJECT/views/staff/assets.php?asset_id=AST-CCS-0003-0023',5,42,3,'Dell Laptop Gun','SN-2025-2026','Room 111, Building 2','Available',0,0,null,null,to_timestamp('30-MAR-26 08.30.56.346000000 PM','DD-MON-RR HH.MI.SSXFF AM'),to_timestamp('30-MAR-26 08.30.56.346000000 PM','DD-MON-RR HH.MI.SSXFF AM'),33);
Insert into RICO.TBL_ASSETS (ID,ASSET_ID,QR_CODE,CATEGORY_ID,DEPARTMENT_ID,ITEM_TYPE_ID,DESCRIPTION,SERIAL_NUMBER,LOCATION,STATUS,IS_CERTIFIED,IS_DELETED,DELETED_AT,DELETED_BY,CREATED_AT,UPDATED_AT,CUSTODIAN_ID) values (24,'AST-CBA-0001-0024','http://localhost/1QCUPROJECT/views/staff/assets.php?asset_id=AST-CBA-0001-0024',5,30,1,'P90','SN-123','IL999','Available',0,0,null,null,to_timestamp('30-MAR-26 08.47.55.389000000 PM','DD-MON-RR HH.MI.SSXFF AM'),to_timestamp('30-MAR-26 08.47.55.389000000 PM','DD-MON-RR HH.MI.SSXFF AM'),22);
Insert into RICO.TBL_ASSETS (ID,ASSET_ID,QR_CODE,CATEGORY_ID,DEPARTMENT_ID,ITEM_TYPE_ID,DESCRIPTION,SERIAL_NUMBER,LOCATION,STATUS,IS_CERTIFIED,IS_DELETED,DELETED_AT,DELETED_BY,CREATED_AT,UPDATED_AT,CUSTODIAN_ID) values (25,'AST-CBA-0001-0025','http://localhost/1QCUPROJECT/views/staff/assets.php?asset_id=AST-CBA-0001-0025',5,30,1,'P90','SN-123','IL999','Available',0,1,to_timestamp('30-MAR-26 08.58.37.991000000 PM','DD-MON-RR HH.MI.SSXFF AM'),'staff',to_timestamp('30-MAR-26 08.47.55.438000000 PM','DD-MON-RR HH.MI.SSXFF AM'),to_timestamp('30-MAR-26 08.47.55.438000000 PM','DD-MON-RR HH.MI.SSXFF AM'),22);
Insert into RICO.TBL_ASSETS (ID,ASSET_ID,QR_CODE,CATEGORY_ID,DEPARTMENT_ID,ITEM_TYPE_ID,DESCRIPTION,SERIAL_NUMBER,LOCATION,STATUS,IS_CERTIFIED,IS_DELETED,DELETED_AT,DELETED_BY,CREATED_AT,UPDATED_AT,CUSTODIAN_ID) values (22,'AST-CCS-0003-0022','http://localhost/1QCUPROJECT/views/staff/assets.php?asset_id=AST-CCS-0003-0022',5,42,3,'Dell Laptop Gun','SN-2025-2026','Room 111, Building 2','Maintenance',0,0,null,null,to_timestamp('30-MAR-26 08.30.55.829000000 PM','DD-MON-RR HH.MI.SSXFF AM'),to_timestamp('31-MAR-26 10.18.43.624000000 AM','DD-MON-RR HH.MI.SSXFF AM'),33);
Insert into RICO.TBL_ASSETS (ID,ASSET_ID,QR_CODE,CATEGORY_ID,DEPARTMENT_ID,ITEM_TYPE_ID,DESCRIPTION,SERIAL_NUMBER,LOCATION,STATUS,IS_CERTIFIED,IS_DELETED,DELETED_AT,DELETED_BY,CREATED_AT,UPDATED_AT,CUSTODIAN_ID) values (26,'AST-CBA-0001-0026','http://localhost/1QCUPROJECT/views/staff/assets.php?asset_id=AST-CBA-0001-0026',5,30,1,'P90','SN-123','IL999','Maintenance',0,0,null,null,to_timestamp('30-MAR-26 08.47.55.444000000 PM','DD-MON-RR HH.MI.SSXFF AM'),to_timestamp('19-APR-26 01.06.00.692000000 AM','DD-MON-RR HH.MI.SSXFF AM'),22);
Insert into RICO.TBL_ASSETS (ID,ASSET_ID,QR_CODE,CATEGORY_ID,DEPARTMENT_ID,ITEM_TYPE_ID,DESCRIPTION,SERIAL_NUMBER,LOCATION,STATUS,IS_CERTIFIED,IS_DELETED,DELETED_AT,DELETED_BY,CREATED_AT,UPDATED_AT,CUSTODIAN_ID) values (27,'AST-CICS-0003-0027','http://localhost/1QCUPROJECT/views/staff/assets.php?asset_id=AST-CICS-0003-0027',4,24,3,'Door hinge','SN-2020','IK789','Maintenance',0,0,null,null,to_timestamp('30-MAR-26 08.51.33.548000000 PM','DD-MON-RR HH.MI.SSXFF AM'),to_timestamp('19-APR-26 01.25.48.458000000 AM','DD-MON-RR HH.MI.SSXFF AM'),15);
Insert into RICO.TBL_ASSETS (ID,ASSET_ID,QR_CODE,CATEGORY_ID,DEPARTMENT_ID,ITEM_TYPE_ID,DESCRIPTION,SERIAL_NUMBER,LOCATION,STATUS,IS_CERTIFIED,IS_DELETED,DELETED_AT,DELETED_BY,CREATED_AT,UPDATED_AT,CUSTODIAN_ID) values (28,'AST-CAUP-0002-0028','http://localhost/1QCUPROJECT/views/staff/assets.php?asset_id=AST-CAUP-0002-0028',2,34,2,'Lenovo Tumbler','SN-2023','IC130','Available',0,1,to_timestamp('19-APR-26 01.21.33.340000000 AM','DD-MON-RR HH.MI.SSXFF AM'),'staff',to_timestamp('30-MAR-26 08.52.07.539000000 PM','DD-MON-RR HH.MI.SSXFF AM'),to_timestamp('30-MAR-26 08.52.07.539000000 PM','DD-MON-RR HH.MI.SSXFF AM'),25);
Insert into RICO.TBL_ASSETS (ID,ASSET_ID,QR_CODE,CATEGORY_ID,DEPARTMENT_ID,ITEM_TYPE_ID,DESCRIPTION,SERIAL_NUMBER,LOCATION,STATUS,IS_CERTIFIED,IS_DELETED,DELETED_AT,DELETED_BY,CREATED_AT,UPDATED_AT,CUSTODIAN_ID) values (29,'AST-COENG-0001-0029','http://localhost/1QCUPROJECT/views/staff/assets.php?asset_id=AST-COENG-0001-0029',4,26,1,'Tree','SN-2077','AD-C','Available',0,0,null,null,to_timestamp('30-MAR-26 08.53.03.466000000 PM','DD-MON-RR HH.MI.SSXFF AM'),to_timestamp('30-MAR-26 08.53.03.466000000 PM','DD-MON-RR HH.MI.SSXFF AM'),18);
Insert into RICO.TBL_ASSETS (ID,ASSET_ID,QR_CODE,CATEGORY_ID,DEPARTMENT_ID,ITEM_TYPE_ID,DESCRIPTION,SERIAL_NUMBER,LOCATION,STATUS,IS_CERTIFIED,IS_DELETED,DELETED_AT,DELETED_BY,CREATED_AT,UPDATED_AT,CUSTODIAN_ID) values (30,'AST-COED-0004-0030','http://localhost/1QCUPROJECT/views/staff/assets.php?asset_id=AST-COED-0004-0030',3,28,4,'Wire','SN-2550','SK-20','Available',0,1,to_timestamp('30-MAR-26 08.58.54.327000000 PM','DD-MON-RR HH.MI.SSXFF AM'),'staff',to_timestamp('30-MAR-26 08.55.45.437000000 PM','DD-MON-RR HH.MI.SSXFF AM'),to_timestamp('30-MAR-26 08.55.45.437000000 PM','DD-MON-RR HH.MI.SSXFF AM'),20);
Insert into RICO.TBL_ASSETS (ID,ASSET_ID,QR_CODE,CATEGORY_ID,DEPARTMENT_ID,ITEM_TYPE_ID,DESCRIPTION,SERIAL_NUMBER,LOCATION,STATUS,IS_CERTIFIED,IS_DELETED,DELETED_AT,DELETED_BY,CREATED_AT,UPDATED_AT,CUSTODIAN_ID) values (31,'AST-COED-0004-0031','http://localhost/1QCUPROJECT/views/staff/assets.php?asset_id=AST-COED-0004-0031',3,28,4,'Wire','SN-2550','SK-20','Available',0,0,null,null,to_timestamp('30-MAR-26 08.55.45.443000000 PM','DD-MON-RR HH.MI.SSXFF AM'),to_timestamp('30-MAR-26 08.55.45.443000000 PM','DD-MON-RR HH.MI.SSXFF AM'),20);
Insert into RICO.TBL_ASSETS (ID,ASSET_ID,QR_CODE,CATEGORY_ID,DEPARTMENT_ID,ITEM_TYPE_ID,DESCRIPTION,SERIAL_NUMBER,LOCATION,STATUS,IS_CERTIFIED,IS_DELETED,DELETED_AT,DELETED_BY,CREATED_AT,UPDATED_AT,CUSTODIAN_ID) values (32,'AST-OSAS-0002-0032','http://localhost/1QCUPROJECT/views/staff/assets.php?asset_id=AST-OSAS-0002-0032',4,36,2,'CMOS Battery','SN-707213','Garden','In Use',1,0,null,null,to_timestamp('30-MAR-26 08.57.47.151000000 PM','DD-MON-RR HH.MI.SSXFF AM'),to_timestamp('18-APR-26 09.58.00.292000000 PM','DD-MON-RR HH.MI.SSXFF AM'),27);
Insert into RICO.TBL_ASSETS (ID,ASSET_ID,QR_CODE,CATEGORY_ID,DEPARTMENT_ID,ITEM_TYPE_ID,DESCRIPTION,SERIAL_NUMBER,LOCATION,STATUS,IS_CERTIFIED,IS_DELETED,DELETED_AT,DELETED_BY,CREATED_AT,UPDATED_AT,CUSTODIAN_ID) values (33,'AST-CCS-0002-0033','http://localhost/1QCUPROJECT/views/staff/assets.php?asset_id=AST-CCS-0002-0033',1,42,2,'Asus Zephyrus G16 with RTX 5090','SN-123-456','Room 333, Acad Building','Available',1,0,null,null,to_timestamp('19-APR-26 12.44.48.777000000 AM','DD-MON-RR HH.MI.SSXFF AM'),to_timestamp('19-APR-26 12.44.48.777000000 AM','DD-MON-RR HH.MI.SSXFF AM'),34);
Insert into RICO.TBL_ASSETS (ID,ASSET_ID,QR_CODE,CATEGORY_ID,DEPARTMENT_ID,ITEM_TYPE_ID,DESCRIPTION,SERIAL_NUMBER,LOCATION,STATUS,IS_CERTIFIED,IS_DELETED,DELETED_AT,DELETED_BY,CREATED_AT,UPDATED_AT,CUSTODIAN_ID) values (34,'AST-COED-0005-0034','http://localhost/1QCUPROJECT/views/staff/assets.php?asset_id=AST-COED-0005-0034',2,28,5,'Treeios','SN-1283423','Building A','Available',1,0,null,null,to_timestamp('19-APR-26 01.03.19.759000000 AM','DD-MON-RR HH.MI.SSXFF AM'),to_timestamp('19-APR-26 01.03.19.759000000 AM','DD-MON-RR HH.MI.SSXFF AM'),20);
Insert into RICO.TBL_ASSETS (ID,ASSET_ID,QR_CODE,CATEGORY_ID,DEPARTMENT_ID,ITEM_TYPE_ID,DESCRIPTION,SERIAL_NUMBER,LOCATION,STATUS,IS_CERTIFIED,IS_DELETED,DELETED_AT,DELETED_BY,CREATED_AT,UPDATED_AT,CUSTODIAN_ID) values (35,'AST-COED-0005-0035','http://localhost/1QCUPROJECT/views/staff/assets.php?asset_id=AST-COED-0005-0035',2,28,5,'Treeios','SN-1283423','Building A','Available',1,0,null,null,to_timestamp('19-APR-26 01.03.19.990000000 AM','DD-MON-RR HH.MI.SSXFF AM'),to_timestamp('19-APR-26 01.03.19.990000000 AM','DD-MON-RR HH.MI.SSXFF AM'),20);
Insert into RICO.TBL_ASSETS (ID,ASSET_ID,QR_CODE,CATEGORY_ID,DEPARTMENT_ID,ITEM_TYPE_ID,DESCRIPTION,SERIAL_NUMBER,LOCATION,STATUS,IS_CERTIFIED,IS_DELETED,DELETED_AT,DELETED_BY,CREATED_AT,UPDATED_AT,CUSTODIAN_ID) values (36,'AST-COED-0003-0036','http://localhost/1QCUPROJECT/views/staff/assets.php?asset_id=AST-COED-0003-0036',5,28,4,'Toyoya Vious','SN-09871','Acad','Available',0,0,null,null,to_timestamp('19-APR-26 01.04.32.641000000 AM','DD-MON-RR HH.MI.SSXFF AM'),to_timestamp('19-APR-26 01.20.59.094000000 AM','DD-MON-RR HH.MI.SSXFF AM'),20);
Insert into RICO.TBL_ASSETS (ID,ASSET_ID,QR_CODE,CATEGORY_ID,DEPARTMENT_ID,ITEM_TYPE_ID,DESCRIPTION,SERIAL_NUMBER,LOCATION,STATUS,IS_CERTIFIED,IS_DELETED,DELETED_AT,DELETED_BY,CREATED_AT,UPDATED_AT,CUSTODIAN_ID) values (37,'AST-COED-0003-0037','http://localhost/1QCUPROJECT/views/staff/assets.php?asset_id=AST-COED-0003-0037',3,28,3,'Toyoya Vious','SN-09871','Acad','Available',0,0,null,null,to_timestamp('19-APR-26 01.04.32.678000000 AM','DD-MON-RR HH.MI.SSXFF AM'),to_timestamp('19-APR-26 01.04.32.678000000 AM','DD-MON-RR HH.MI.SSXFF AM'),20);
Insert into RICO.TBL_ASSETS (ID,ASSET_ID,QR_CODE,CATEGORY_ID,DEPARTMENT_ID,ITEM_TYPE_ID,DESCRIPTION,SERIAL_NUMBER,LOCATION,STATUS,IS_CERTIFIED,IS_DELETED,DELETED_AT,DELETED_BY,CREATED_AT,UPDATED_AT,CUSTODIAN_ID) values (38,'AST-COENG-0001-0038','http://localhost/1QCUPROJECT/views/staff/assets.php?asset_id=AST-COENG-0001-0038',2,26,1,'Dell Zephyrus ZX6R S1000 GT','SN-12345','Building','Available',0,0,null,null,to_timestamp('19-APR-26 01.20.26.683000000 AM','DD-MON-RR HH.MI.SSXFF AM'),to_timestamp('19-APR-26 01.20.26.683000000 AM','DD-MON-RR HH.MI.SSXFF AM'),35);
REM INSERTING into RICO.TBL_AUDIT_LOGS
SET DEFINE OFF;
Insert into RICO.TBL_AUDIT_LOGS (LOG_ID,ACTION_TYPE,MODULE,PERFORMED_BY,USER_ROLE,DESCRIPTION,IP_ADDRESS,REFERENCE_ID,CREATED_AT) values (1,'ASSET_ADD','Assets','System Administrator','Admin','Added asset: Dell Zephyrus ZX6R S1000 GT','::1','AST-COENG-0001-0038',to_timestamp('19-APR-26 01.20.26.716000000 AM','DD-MON-RR HH.MI.SSXFF AM'));
Insert into RICO.TBL_AUDIT_LOGS (LOG_ID,ACTION_TYPE,MODULE,PERFORMED_BY,USER_ROLE,DESCRIPTION,IP_ADDRESS,REFERENCE_ID,CREATED_AT) values (2,'ASSET_EDIT','Assets','System Administrator','Admin','Updated asset: Toyoya Vious','::1','AST-COED-0003-0036',to_timestamp('19-APR-26 01.20.59.108000000 AM','DD-MON-RR HH.MI.SSXFF AM'));
Insert into RICO.TBL_AUDIT_LOGS (LOG_ID,ACTION_TYPE,MODULE,PERFORMED_BY,USER_ROLE,DESCRIPTION,IP_ADDRESS,REFERENCE_ID,CREATED_AT) values (3,'ASSET_DELETE','Assets','Bico','Staff','Deletion requested. Reason: Beyond my imagination','::1','AST-CAUP-0002-0028',to_timestamp('19-APR-26 01.21.33.383000000 AM','DD-MON-RR HH.MI.SSXFF AM'));
Insert into RICO.TBL_AUDIT_LOGS (LOG_ID,ACTION_TYPE,MODULE,PERFORMED_BY,USER_ROLE,DESCRIPTION,IP_ADDRESS,REFERENCE_ID,CREATED_AT) values (4,'BORROW','Borrows','Bico','Staff','Borrow request created for asset AST-COED-0005-0034 by sdawd, juan','::1','AST-COED-0005-0034',to_timestamp('19-APR-26 01.25.15.987000000 AM','DD-MON-RR HH.MI.SSXFF AM'));
Insert into RICO.TBL_AUDIT_LOGS (LOG_ID,ACTION_TYPE,MODULE,PERFORMED_BY,USER_ROLE,DESCRIPTION,IP_ADDRESS,REFERENCE_ID,CREATED_AT) values (5,'MAINTENANCE_ADD','Maintenance','Bico','Staff','Maintenance scheduled for asset AST-CICS-0003-0027: Teleporting','::1','AST-CICS-0003-0027',to_timestamp('19-APR-26 01.25.48.456000000 AM','DD-MON-RR HH.MI.SSXFF AM'));
REM INSERTING into RICO.TBL_BORROWS
SET DEFINE OFF;
Insert into RICO.TBL_BORROWS (BORROW_ID,ASSET_ID,DEPARTMENT_ID,FIRST_NAME,MIDDLE_NAME,LAST_NAME,SUFFIX,BORROW_DATE,DUE_DATE,RETURN_DATE,PURPOSE,STATUS,REMARKS,CREATED_AT,UPDATED_AT) values (4,'AST-OSAS-0002-0032',34,'Juan','Santos','dela Cruz','III','2026-04-18','2026-04-22',null,'classroom presentation','Borrowed',null,to_timestamp('18-APR-26 09.57.10.728000000 PM','DD-MON-RR HH.MI.SSXFF AM'),to_timestamp('18-APR-26 09.58.00.286000000 PM','DD-MON-RR HH.MI.SSXFF AM'));
Insert into RICO.TBL_BORROWS (BORROW_ID,ASSET_ID,DEPARTMENT_ID,FIRST_NAME,MIDDLE_NAME,LAST_NAME,SUFFIX,BORROW_DATE,DUE_DATE,RETURN_DATE,PURPOSE,STATUS,REMARKS,CREATED_AT,UPDATED_AT) values (3,'AST-CICS-0003-0027',42,'Juan','Dela','Monte',null,'2026-03-31','2026-04-03',null,'Class','Pending',null,to_timestamp('31-MAR-26 10.17.16.940000000 AM','DD-MON-RR HH.MI.SSXFF AM'),to_timestamp('31-MAR-26 10.17.16.940000000 AM','DD-MON-RR HH.MI.SSXFF AM'));
Insert into RICO.TBL_BORROWS (BORROW_ID,ASSET_ID,DEPARTMENT_ID,FIRST_NAME,MIDDLE_NAME,LAST_NAME,SUFFIX,BORROW_DATE,DUE_DATE,RETURN_DATE,PURPOSE,STATUS,REMARKS,CREATED_AT,UPDATED_AT) values (5,'AST-COED-0004-0031',40,'Juan','Luna','Santosm',null,'2026-04-18','2026-04-22',null,'For door','Pending',null,to_timestamp('19-APR-26 01.05.19.461000000 AM','DD-MON-RR HH.MI.SSXFF AM'),to_timestamp('19-APR-26 01.05.19.461000000 AM','DD-MON-RR HH.MI.SSXFF AM'));
Insert into RICO.TBL_BORROWS (BORROW_ID,ASSET_ID,DEPARTMENT_ID,FIRST_NAME,MIDDLE_NAME,LAST_NAME,SUFFIX,BORROW_DATE,DUE_DATE,RETURN_DATE,PURPOSE,STATUS,REMARKS,CREATED_AT,UPDATED_AT) values (6,'AST-COED-0005-0034',42,'juan','sfdeaw','sdawd',null,'2026-04-18','2026-04-24',null,'nah','Pending',null,to_timestamp('19-APR-26 01.25.15.982000000 AM','DD-MON-RR HH.MI.SSXFF AM'),to_timestamp('19-APR-26 01.25.15.982000000 AM','DD-MON-RR HH.MI.SSXFF AM'));
REM INSERTING into RICO.TBL_CATEGORIES
SET DEFINE OFF;
Insert into RICO.TBL_CATEGORIES (CATEGORY_ID,CATEGORY_NAME,CREATED_AT) values (1,'Computer Equipment',to_timestamp('29-MAR-26 10.44.54.635000000 AM','DD-MON-RR HH.MI.SSXFF AM'));
Insert into RICO.TBL_CATEGORIES (CATEGORY_ID,CATEGORY_NAME,CREATED_AT) values (2,'Office Furniture',to_timestamp('29-MAR-26 10.44.54.691000000 AM','DD-MON-RR HH.MI.SSXFF AM'));
Insert into RICO.TBL_CATEGORIES (CATEGORY_ID,CATEGORY_NAME,CREATED_AT) values (3,'Audio/Visual',to_timestamp('29-MAR-26 10.44.54.805000000 AM','DD-MON-RR HH.MI.SSXFF AM'));
Insert into RICO.TBL_CATEGORIES (CATEGORY_ID,CATEGORY_NAME,CREATED_AT) values (4,'Laboratory Equipment',to_timestamp('29-MAR-26 10.44.54.944000000 AM','DD-MON-RR HH.MI.SSXFF AM'));
Insert into RICO.TBL_CATEGORIES (CATEGORY_ID,CATEGORY_NAME,CREATED_AT) values (5,'Network Equipment',to_timestamp('29-MAR-26 10.44.55.011000000 AM','DD-MON-RR HH.MI.SSXFF AM'));
Insert into RICO.TBL_CATEGORIES (CATEGORY_ID,CATEGORY_NAME,CREATED_AT) values (6,'Peripherals',to_timestamp('29-MAR-26 10.44.55.182000000 AM','DD-MON-RR HH.MI.SSXFF AM'));
Insert into RICO.TBL_CATEGORIES (CATEGORY_ID,CATEGORY_NAME,CREATED_AT) values (8,'Others',to_timestamp('29-MAR-26 10.44.55.251000000 AM','DD-MON-RR HH.MI.SSXFF AM'));
REM INSERTING into RICO.TBL_CUSTODIANS
SET DEFINE OFF;
Insert into RICO.TBL_CUSTODIANS (CUSTODIAN_ID,DEPARTMENT_ID,FIRST_NAME,MIDDLE_NAME,LAST_NAME,SUFFIX,EMPLOYEE_ID,EMAIL,PHONE,STATUS,CREATED_AT) values (16,24,'Bob',null,'Reyes',null,'EMP-2402','bob.reyes@qcu.edu.ph','09172345678','Active',to_timestamp('30-MAR-26 07.59.07.797000000 PM','DD-MON-RR HH.MI.SSXFF AM'));
Insert into RICO.TBL_CUSTODIANS (CUSTODIAN_ID,DEPARTMENT_ID,FIRST_NAME,MIDDLE_NAME,LAST_NAME,SUFFIX,EMPLOYEE_ID,EMAIL,PHONE,STATUS,CREATED_AT) values (17,26,'Charlie',null,'Cruz',null,'EMP-2601','charlie.cruz@qcu.edu.ph','09173456789','Active',to_timestamp('30-MAR-26 07.59.07.977000000 PM','DD-MON-RR HH.MI.SSXFF AM'));
Insert into RICO.TBL_CUSTODIANS (CUSTODIAN_ID,DEPARTMENT_ID,FIRST_NAME,MIDDLE_NAME,LAST_NAME,SUFFIX,EMPLOYEE_ID,EMAIL,PHONE,STATUS,CREATED_AT) values (18,26,'David',null,'Luna',null,'EMP-2602','david.luna@qcu.edu.ph','09174567890','Active',to_timestamp('30-MAR-26 07.59.08.028000000 PM','DD-MON-RR HH.MI.SSXFF AM'));
Insert into RICO.TBL_CUSTODIANS (CUSTODIAN_ID,DEPARTMENT_ID,FIRST_NAME,MIDDLE_NAME,LAST_NAME,SUFFIX,EMPLOYEE_ID,EMAIL,PHONE,STATUS,CREATED_AT) values (19,28,'Eve',null,'Santos',null,'EMP-2801','eve.santos@qcu.edu.ph','09175678901','Active',to_timestamp('30-MAR-26 07.59.08.151000000 PM','DD-MON-RR HH.MI.SSXFF AM'));
Insert into RICO.TBL_CUSTODIANS (CUSTODIAN_ID,DEPARTMENT_ID,FIRST_NAME,MIDDLE_NAME,LAST_NAME,SUFFIX,EMPLOYEE_ID,EMAIL,PHONE,STATUS,CREATED_AT) values (20,28,'Frank',null,'Gomez',null,'EMP-2802','frank.gomez@qcu.edu.ph','09176789012','Active',to_timestamp('30-MAR-26 07.59.08.241000000 PM','DD-MON-RR HH.MI.SSXFF AM'));
Insert into RICO.TBL_CUSTODIANS (CUSTODIAN_ID,DEPARTMENT_ID,FIRST_NAME,MIDDLE_NAME,LAST_NAME,SUFFIX,EMPLOYEE_ID,EMAIL,PHONE,STATUS,CREATED_AT) values (21,30,'Grace',null,'Lim',null,'EMP-3001','grace.lim@qcu.edu.ph','09177890123','Active',to_timestamp('30-MAR-26 07.59.08.416000000 PM','DD-MON-RR HH.MI.SSXFF AM'));
Insert into RICO.TBL_CUSTODIANS (CUSTODIAN_ID,DEPARTMENT_ID,FIRST_NAME,MIDDLE_NAME,LAST_NAME,SUFFIX,EMPLOYEE_ID,EMAIL,PHONE,STATUS,CREATED_AT) values (22,30,'Henry',null,'Sy',null,'EMP-3002','henry.sy@qcu.edu.ph','09178901234','Active',to_timestamp('30-MAR-26 07.59.08.465000000 PM','DD-MON-RR HH.MI.SSXFF AM'));
Insert into RICO.TBL_CUSTODIANS (CUSTODIAN_ID,DEPARTMENT_ID,FIRST_NAME,MIDDLE_NAME,LAST_NAME,SUFFIX,EMPLOYEE_ID,EMAIL,PHONE,STATUS,CREATED_AT) values (23,32,'Ivy',null,'Garcia',null,'EMP-3201','ivy.garcia@qcu.edu.ph','09179012345','Active',to_timestamp('30-MAR-26 07.59.08.534000000 PM','DD-MON-RR HH.MI.SSXFF AM'));
Insert into RICO.TBL_CUSTODIANS (CUSTODIAN_ID,DEPARTMENT_ID,FIRST_NAME,MIDDLE_NAME,LAST_NAME,SUFFIX,EMPLOYEE_ID,EMAIL,PHONE,STATUS,CREATED_AT) values (24,32,'Jack',null,'Torres',null,'EMP-3202','jack.torres@qcu.edu.ph','09170123456','Active',to_timestamp('30-MAR-26 07.59.08.580000000 PM','DD-MON-RR HH.MI.SSXFF AM'));
Insert into RICO.TBL_CUSTODIANS (CUSTODIAN_ID,DEPARTMENT_ID,FIRST_NAME,MIDDLE_NAME,LAST_NAME,SUFFIX,EMPLOYEE_ID,EMAIL,PHONE,STATUS,CREATED_AT) values (25,34,'Karen',null,'Villanueva',null,'EMP-3401','karen.v@qcu.edu.ph','09181234567','Active',to_timestamp('30-MAR-26 07.59.08.674000000 PM','DD-MON-RR HH.MI.SSXFF AM'));
Insert into RICO.TBL_CUSTODIANS (CUSTODIAN_ID,DEPARTMENT_ID,FIRST_NAME,MIDDLE_NAME,LAST_NAME,SUFFIX,EMPLOYEE_ID,EMAIL,PHONE,STATUS,CREATED_AT) values (26,34,'Leo',null,'Castro',null,'EMP-3402','leo.castro@qcu.edu.ph','09182345678','Active',to_timestamp('30-MAR-26 07.59.08.723000000 PM','DD-MON-RR HH.MI.SSXFF AM'));
Insert into RICO.TBL_CUSTODIANS (CUSTODIAN_ID,DEPARTMENT_ID,FIRST_NAME,MIDDLE_NAME,LAST_NAME,SUFFIX,EMPLOYEE_ID,EMAIL,PHONE,STATUS,CREATED_AT) values (27,36,'Mia',null,'Pascual',null,'EMP-3601','mia.pascual@qcu.edu.ph','09183456789','Active',to_timestamp('30-MAR-26 07.59.08.804000000 PM','DD-MON-RR HH.MI.SSXFF AM'));
Insert into RICO.TBL_CUSTODIANS (CUSTODIAN_ID,DEPARTMENT_ID,FIRST_NAME,MIDDLE_NAME,LAST_NAME,SUFFIX,EMPLOYEE_ID,EMAIL,PHONE,STATUS,CREATED_AT) values (28,36,'Noah',null,'Dela Cruz',null,'EMP-3602','noah.dc@qcu.edu.ph','09184567890','Active',to_timestamp('30-MAR-26 07.59.08.913000000 PM','DD-MON-RR HH.MI.SSXFF AM'));
Insert into RICO.TBL_CUSTODIANS (CUSTODIAN_ID,DEPARTMENT_ID,FIRST_NAME,MIDDLE_NAME,LAST_NAME,SUFFIX,EMPLOYEE_ID,EMAIL,PHONE,STATUS,CREATED_AT) values (14,42,'Maria','Sidne','Actuator','Sr.','IL-EMP-60-9','email@gmail.com','09999999999','Active',to_timestamp('30-MAR-26 07.53.55.347000000 PM','DD-MON-RR HH.MI.SSXFF AM'));
Insert into RICO.TBL_CUSTODIANS (CUSTODIAN_ID,DEPARTMENT_ID,FIRST_NAME,MIDDLE_NAME,LAST_NAME,SUFFIX,EMPLOYEE_ID,EMAIL,PHONE,STATUS,CREATED_AT) values (15,24,'Alice',null,'Tan',null,'EMP-2401','alice.tan@qcu.edu.ph','09171234567','Active',to_timestamp('30-MAR-26 07.59.07.705000000 PM','DD-MON-RR HH.MI.SSXFF AM'));
Insert into RICO.TBL_CUSTODIANS (CUSTODIAN_ID,DEPARTMENT_ID,FIRST_NAME,MIDDLE_NAME,LAST_NAME,SUFFIX,EMPLOYEE_ID,EMAIL,PHONE,STATUS,CREATED_AT) values (29,38,'Olivia',null,'Aquino',null,'EMP-3801','olivia.a@qcu.edu.ph','09185678901','Active',to_timestamp('30-MAR-26 07.59.08.980000000 PM','DD-MON-RR HH.MI.SSXFF AM'));
Insert into RICO.TBL_CUSTODIANS (CUSTODIAN_ID,DEPARTMENT_ID,FIRST_NAME,MIDDLE_NAME,LAST_NAME,SUFFIX,EMPLOYEE_ID,EMAIL,PHONE,STATUS,CREATED_AT) values (30,38,'Paul',null,'Rizal',null,'EMP-3802','paul.rizal@qcu.edu.ph','09186789012','Active',to_timestamp('30-MAR-26 07.59.09.036000000 PM','DD-MON-RR HH.MI.SSXFF AM'));
Insert into RICO.TBL_CUSTODIANS (CUSTODIAN_ID,DEPARTMENT_ID,FIRST_NAME,MIDDLE_NAME,LAST_NAME,SUFFIX,EMPLOYEE_ID,EMAIL,PHONE,STATUS,CREATED_AT) values (31,40,'Quinn',null,'Marcos',null,'EMP-4001','quinn.m@qcu.edu.ph','09187890123','Active',to_timestamp('30-MAR-26 07.59.09.118000000 PM','DD-MON-RR HH.MI.SSXFF AM'));
Insert into RICO.TBL_CUSTODIANS (CUSTODIAN_ID,DEPARTMENT_ID,FIRST_NAME,MIDDLE_NAME,LAST_NAME,SUFFIX,EMPLOYEE_ID,EMAIL,PHONE,STATUS,CREATED_AT) values (32,40,'Rose',null,'Quezon',null,'EMP-4002','rose.quezon@qcu.edu.ph','09188901234','Active',to_timestamp('30-MAR-26 07.59.09.156000000 PM','DD-MON-RR HH.MI.SSXFF AM'));
Insert into RICO.TBL_CUSTODIANS (CUSTODIAN_ID,DEPARTMENT_ID,FIRST_NAME,MIDDLE_NAME,LAST_NAME,SUFFIX,EMPLOYEE_ID,EMAIL,PHONE,STATUS,CREATED_AT) values (33,42,'Sam',null,'Mabini',null,'EMP-4201','sam.mabini@qcu.edu.ph','09189012345','Active',to_timestamp('30-MAR-26 07.59.09.210000000 PM','DD-MON-RR HH.MI.SSXFF AM'));
Insert into RICO.TBL_CUSTODIANS (CUSTODIAN_ID,DEPARTMENT_ID,FIRST_NAME,MIDDLE_NAME,LAST_NAME,SUFFIX,EMPLOYEE_ID,EMAIL,PHONE,STATUS,CREATED_AT) values (34,42,'Tina',null,'Jacinto',null,'EMP-4202','tina.jacinto@qcu.edu.ph','09180123456','Active',to_timestamp('30-MAR-26 07.59.09.280000000 PM','DD-MON-RR HH.MI.SSXFF AM'));
Insert into RICO.TBL_CUSTODIANS (CUSTODIAN_ID,DEPARTMENT_ID,FIRST_NAME,MIDDLE_NAME,LAST_NAME,SUFFIX,EMPLOYEE_ID,EMAIL,PHONE,STATUS,CREATED_AT) values (35,26,'Bong','Bong','Bong','Bg.','EMP-102345','gmail@email.com','09999999991','Active',to_timestamp('31-MAR-26 10.22.22.275000000 AM','DD-MON-RR HH.MI.SSXFF AM'));
REM INSERTING into RICO.TBL_DELETION_REQUESTS
SET DEFINE OFF;
Insert into RICO.TBL_DELETION_REQUESTS (REQUEST_ID,ASSET_ID,REQUESTED_BY,REASON,STATUS,REVIEWED_BY,REVIEWED_AT,CREATED_AT) values (8,'AST-CAUP-0002-0028','staff','Beyond my imagination','Pending',null,null,to_timestamp('19-APR-26 01.21.33.364000000 AM','DD-MON-RR HH.MI.SSXFF AM'));
Insert into RICO.TBL_DELETION_REQUESTS (REQUEST_ID,ASSET_ID,REQUESTED_BY,REASON,STATUS,REVIEWED_BY,REVIEWED_AT,CREATED_AT) values (6,'AST-CBA-0001-0025','staff','No bullets','Pending',null,null,to_timestamp('30-MAR-26 08.58.38.082000000 PM','DD-MON-RR HH.MI.SSXFF AM'));
Insert into RICO.TBL_DELETION_REQUESTS (REQUEST_ID,ASSET_ID,REQUESTED_BY,REASON,STATUS,REVIEWED_BY,REVIEWED_AT,CREATED_AT) values (7,'AST-COED-0004-0030','staff','Not long','Pending',null,null,to_timestamp('30-MAR-26 08.58.54.330000000 PM','DD-MON-RR HH.MI.SSXFF AM'));
REM INSERTING into RICO.TBL_DEPARTMENTS
SET DEFINE OFF;
Insert into RICO.TBL_DEPARTMENTS (DEPARTMENT_ID,DEPARTMENT_NAME,CREATED_AT,BUILDING,DEPARTMENT_HEAD,STATUS) values (24,'CICS',to_timestamp('30-MAR-26 07.51.23.919000000 PM','DD-MON-RR HH.MI.SSXFF AM'),'Engineering Building A','Dr. Maria Reyes','Active');
Insert into RICO.TBL_DEPARTMENTS (DEPARTMENT_ID,DEPARTMENT_NAME,CREATED_AT,BUILDING,DEPARTMENT_HEAD,STATUS) values (26,'COENG',to_timestamp('30-MAR-26 07.51.24.031000000 PM','DD-MON-RR HH.MI.SSXFF AM'),'Engineering Building B','Engr. Juan Dela Cruz','Active');
Insert into RICO.TBL_DEPARTMENTS (DEPARTMENT_ID,DEPARTMENT_NAME,CREATED_AT,BUILDING,DEPARTMENT_HEAD,STATUS) values (28,'COED',to_timestamp('30-MAR-26 07.51.24.067000000 PM','DD-MON-RR HH.MI.SSXFF AM'),'Education Hall','Dr. Elena Santos','Active');
Insert into RICO.TBL_DEPARTMENTS (DEPARTMENT_ID,DEPARTMENT_NAME,CREATED_AT,BUILDING,DEPARTMENT_HEAD,STATUS) values (30,'CBA',to_timestamp('30-MAR-26 07.51.24.109000000 PM','DD-MON-RR HH.MI.SSXFF AM'),'Business Administration Bldg','Prof. Ricardo Lim','Active');
Insert into RICO.TBL_DEPARTMENTS (DEPARTMENT_ID,DEPARTMENT_NAME,CREATED_AT,BUILDING,DEPARTMENT_HEAD,STATUS) values (32,'CAS',to_timestamp('30-MAR-26 07.51.24.146000000 PM','DD-MON-RR HH.MI.SSXFF AM'),'Arts and Sciences Bldg','Dr. Sarah Gomezes','Active');
Insert into RICO.TBL_DEPARTMENTS (DEPARTMENT_ID,DEPARTMENT_NAME,CREATED_AT,BUILDING,DEPARTMENT_HEAD,STATUS) values (34,'CAUP',to_timestamp('30-MAR-26 07.51.24.208000000 PM','DD-MON-RR HH.MI.SSXFF AM'),'Architecture Center','Ar. Antonio Luna','Active');
Insert into RICO.TBL_DEPARTMENTS (DEPARTMENT_ID,DEPARTMENT_NAME,CREATED_AT,BUILDING,DEPARTMENT_HEAD,STATUS) values (36,'OSAS',to_timestamp('30-MAR-26 07.51.24.244000000 PM','DD-MON-RR HH.MI.SSXFF AM'),'Student Services Wing','Director Jose Rizal','Active');
Insert into RICO.TBL_DEPARTMENTS (DEPARTMENT_ID,DEPARTMENT_NAME,CREATED_AT,BUILDING,DEPARTMENT_HEAD,STATUS) values (38,'Admin Office',to_timestamp('30-MAR-26 07.51.24.421000000 PM','DD-MON-RR HH.MI.SSXFF AM'),'Main Administration Bldg','Atty. Manuel Quezon','Active');
Insert into RICO.TBL_DEPARTMENTS (DEPARTMENT_ID,DEPARTMENT_NAME,CREATED_AT,BUILDING,DEPARTMENT_HEAD,STATUS) values (40,'Library',to_timestamp('30-MAR-26 07.51.24.458000000 PM','DD-MON-RR HH.MI.SSXFF AM'),'Learning Resource Center','Ms. Corazon Aquino','Active');
Insert into RICO.TBL_DEPARTMENTS (DEPARTMENT_ID,DEPARTMENT_NAME,CREATED_AT,BUILDING,DEPARTMENT_HEAD,STATUS) values (42,'CCS',to_timestamp('30-MAR-26 07.51.24.498000000 PM','DD-MON-RR HH.MI.SSXFF AM'),'Computer Studies Bldg','Dr. Ferdinand Marcos','Active');
REM INSERTING into RICO.TBL_ITEM_TYPES
SET DEFINE OFF;
Insert into RICO.TBL_ITEM_TYPES (ITEM_TYPE_ID,ITEM_TYPE_NAME,ITEM_TYPE_CODE) values (1,'Printer','0001');
Insert into RICO.TBL_ITEM_TYPES (ITEM_TYPE_ID,ITEM_TYPE_NAME,ITEM_TYPE_CODE) values (2,'Computer','0002');
Insert into RICO.TBL_ITEM_TYPES (ITEM_TYPE_ID,ITEM_TYPE_NAME,ITEM_TYPE_CODE) values (3,'Monitor','0003');
Insert into RICO.TBL_ITEM_TYPES (ITEM_TYPE_ID,ITEM_TYPE_NAME,ITEM_TYPE_CODE) values (4,'Laptop','0004');
Insert into RICO.TBL_ITEM_TYPES (ITEM_TYPE_ID,ITEM_TYPE_NAME,ITEM_TYPE_CODE) values (5,'Projector','0005');
REM INSERTING into RICO.TBL_MAINTENANCE
SET DEFINE OFF;
Insert into RICO.TBL_MAINTENANCE (MAINTENANCE_ID,ASSET_ID,TYPE_ID,ISSUE_DESCRIPTION,TECH_FIRST_NAME,TECH_MIDDLE_NAME,TECH_LAST_NAME,TECH_SUFFIX,SCHEDULED_DATE,COMPLETED_DATE,NOTES,STATUS,CREATED_AT,UPDATED_AT) values (4,'AST-CICS-0003-0027',8,'Missing door','Pedro','Santos','Reyes','Jr.','2026-04-18','2026-04-18','Additional notes','Completed',to_timestamp('18-APR-26 09.54.50.670000000 PM','DD-MON-RR HH.MI.SSXFF AM'),to_timestamp('18-APR-26 09.55.31.271000000 PM','DD-MON-RR HH.MI.SSXFF AM'));
Insert into RICO.TBL_MAINTENANCE (MAINTENANCE_ID,ASSET_ID,TYPE_ID,ISSUE_DESCRIPTION,TECH_FIRST_NAME,TECH_MIDDLE_NAME,TECH_LAST_NAME,TECH_SUFFIX,SCHEDULED_DATE,COMPLETED_DATE,NOTES,STATUS,CREATED_AT,UPDATED_AT) values (3,'AST-CCS-0003-0022',6,'No keyboard','Pandesal','Monay','Tasty','Sr.','2026-04-04',null,'Noted','Pending',to_timestamp('31-MAR-26 10.18.43.591000000 AM','DD-MON-RR HH.MI.SSXFF AM'),to_timestamp('31-MAR-26 10.18.43.591000000 AM','DD-MON-RR HH.MI.SSXFF AM'));
Insert into RICO.TBL_MAINTENANCE (MAINTENANCE_ID,ASSET_ID,TYPE_ID,ISSUE_DESCRIPTION,TECH_FIRST_NAME,TECH_MIDDLE_NAME,TECH_LAST_NAME,TECH_SUFFIX,SCHEDULED_DATE,COMPLETED_DATE,NOTES,STATUS,CREATED_AT,UPDATED_AT) values (5,'AST-CBA-0001-0026',4,'No keyboard','Pietro','Sanctism','Reyes',null,'2026-04-19',null,'Dor','Pending',to_timestamp('19-APR-26 01.06.00.625000000 AM','DD-MON-RR HH.MI.SSXFF AM'),to_timestamp('19-APR-26 01.06.00.625000000 AM','DD-MON-RR HH.MI.SSXFF AM'));
Insert into RICO.TBL_MAINTENANCE (MAINTENANCE_ID,ASSET_ID,TYPE_ID,ISSUE_DESCRIPTION,TECH_FIRST_NAME,TECH_MIDDLE_NAME,TECH_LAST_NAME,TECH_SUFFIX,SCHEDULED_DATE,COMPLETED_DATE,NOTES,STATUS,CREATED_AT,UPDATED_AT) values (6,'AST-CICS-0003-0027',3,'Teleporting','Pietro','Santosism','Reyesism',null,'2026-04-29',null,'notes','Pending',to_timestamp('19-APR-26 01.25.48.453000000 AM','DD-MON-RR HH.MI.SSXFF AM'),to_timestamp('19-APR-26 01.25.48.453000000 AM','DD-MON-RR HH.MI.SSXFF AM'));
REM INSERTING into RICO.TBL_MAINTENANCE_TYPES
SET DEFINE OFF;
Insert into RICO.TBL_MAINTENANCE_TYPES (TYPE_ID,TYPE_NAME) values (1,'Repair');
Insert into RICO.TBL_MAINTENANCE_TYPES (TYPE_ID,TYPE_NAME) values (2,'Preventive Maintenance');
Insert into RICO.TBL_MAINTENANCE_TYPES (TYPE_ID,TYPE_NAME) values (3,'Inspection');
Insert into RICO.TBL_MAINTENANCE_TYPES (TYPE_ID,TYPE_NAME) values (4,'Calibration');
Insert into RICO.TBL_MAINTENANCE_TYPES (TYPE_ID,TYPE_NAME) values (5,'Replacement');
Insert into RICO.TBL_MAINTENANCE_TYPES (TYPE_ID,TYPE_NAME) values (6,'Cleaning');
Insert into RICO.TBL_MAINTENANCE_TYPES (TYPE_ID,TYPE_NAME) values (7,'Software Update');
Insert into RICO.TBL_MAINTENANCE_TYPES (TYPE_ID,TYPE_NAME) values (8,'Hardware Upgrade');
REM INSERTING into RICO.TBL_REPORTS
SET DEFINE OFF;
Insert into RICO.TBL_REPORTS (REPORT_ID,REPORT_NAME,REPORT_TYPE,GENERATED_BY,GENERATED_AT,FORMAT,FILE_URL) values (10,'Asset Status Report (Scheduled)','Asset Status Report','Staff',to_timestamp('31-MAR-26 10.25.07.144000000 AM','DD-MON-RR HH.MI.SSXFF AM'),'PDF','/1QCUPROJECT/backend/routes/reports_route.php?resource=report_status');
Insert into RICO.TBL_REPORTS (REPORT_ID,REPORT_NAME,REPORT_TYPE,GENERATED_BY,GENERATED_AT,FORMAT,FILE_URL) values (8,'Complete Asset Inventory','Complete Asset Inventory','Staff',to_timestamp('31-MAR-26 10.19.26.918000000 AM','DD-MON-RR HH.MI.SSXFF AM'),'PDF','/1QCUPROJECT/backend/routes/reports_route.php?resource=report_complete');
Insert into RICO.TBL_REPORTS (REPORT_ID,REPORT_NAME,REPORT_TYPE,GENERATED_BY,GENERATED_AT,FORMAT,FILE_URL) values (9,'Maintenance Report','Maintenance Report','Staff',to_timestamp('31-MAR-26 10.19.41.795000000 AM','DD-MON-RR HH.MI.SSXFF AM'),'PDF','/1QCUPROJECT/backend/routes/reports_route.php?resource=report_maintenance');
REM INSERTING into RICO.TBL_SCHEDULED_REPORTS
SET DEFINE OFF;
Insert into RICO.TBL_SCHEDULED_REPORTS (SCHEDULE_ID,SCHEDULE_NAME,REPORT_TYPE,FREQUENCY,START_DATE,NEXT_RUN_DATE,CREATED_BY,CREATED_AT,IS_ACTIVE,RUN_TIME) values (3,'Summary Report','Asset Status Report','Monthly','2026-03-29','2026-04-29','Staff',to_timestamp('31-MAR-26 10.21.17.602000000 AM','DD-MON-RR HH.MI.SSXFF AM'),1,'08:00');
REM INSERTING into RICO.USERS
SET DEFINE OFF;
Insert into RICO.USERS (USER_ID,FULL_NAME,EMAIL,DEPARTMENT,EMPLOYEE_ID,PASSWORD,IS_VERIFIED,CREATED_AT,UPDATED_AT,OTP_CODE,OTP_EXPIRES_AT,ROLE) values (21,'Ico Etelyev','leovillete878@gmail.com','Finance','24-1111','$2y$10$0QCuBfuNBuZH06qdkUOyoOjXsoHffyvi1N/Jf/IvMnrIQDlFzxTyG',1,to_timestamp('29-MAR-26 12.32.29.867000000 PM','DD-MON-RR HH.MI.SSXFF AM'),to_timestamp('29-MAR-26 12.32.58.714000000 PM','DD-MON-RR HH.MI.SSXFF AM'),null,null,'Staff');
Insert into RICO.USERS (USER_ID,FULL_NAME,EMAIL,DEPARTMENT,EMPLOYEE_ID,PASSWORD,IS_VERIFIED,CREATED_AT,UPDATED_AT,OTP_CODE,OTP_EXPIRES_AT,ROLE) values (18,'Bico','lvillete778@gmail.com','CS','24-1523','$2y$10$DpercW.qJEfwvZM2oBTk3.i25kmHJrMgR4f/hvQYzJqWozhTXr5de',1,to_timestamp('22-FEB-26 07.40.12.027000000 PM','DD-MON-RR HH.MI.SSXFF AM'),to_timestamp('03-MAR-26 08.54.08.023000000 AM','DD-MON-RR HH.MI.SSXFF AM'),null,null,'Staff');
Insert into RICO.USERS (USER_ID,FULL_NAME,EMAIL,DEPARTMENT,EMPLOYEE_ID,PASSWORD,IS_VERIFIED,CREATED_AT,UPDATED_AT,OTP_CODE,OTP_EXPIRES_AT,ROLE) values (22,'System Administrator','admin@1qcumgmt.com','IT','ADM-001','$2y$10$3SO2xu3kMA1Sek6jbvaofOhFDbF5Q/RQq/YWfW.t9YRQe4l09Jwe2',1,to_timestamp('29-MAR-26 12.42.57.114000000 PM','DD-MON-RR HH.MI.SSXFF AM'),to_timestamp('29-MAR-26 12.42.57.114000000 PM','DD-MON-RR HH.MI.SSXFF AM'),null,null,'Admin');
--------------------------------------------------------
--  DDL for Index IDX_AUDIT_USER
--------------------------------------------------------

  CREATE INDEX "RICO"."IDX_AUDIT_USER" ON "RICO"."TBL_AUDIT_LOGS" ("PERFORMED_BY") 
  PCTFREE 10 INITRANS 2 MAXTRANS 255 COMPUTE STATISTICS 
  STORAGE(INITIAL 65536 NEXT 1048576 MINEXTENTS 1 MAXEXTENTS 2147483645
  PCTINCREASE 0 FREELISTS 1 FREELIST GROUPS 1 BUFFER_POOL DEFAULT FLASH_CACHE DEFAULT CELL_FLASH_CACHE DEFAULT)
  TABLESPACE "SYSTEM"
--------------------------------------------------------
--  DDL for Index IDX_AUDIT_DATE
--------------------------------------------------------

  CREATE INDEX "RICO"."IDX_AUDIT_DATE" ON "RICO"."TBL_AUDIT_LOGS" ("CREATED_AT") 
  PCTFREE 10 INITRANS 2 MAXTRANS 255 COMPUTE STATISTICS 
  STORAGE(INITIAL 65536 NEXT 1048576 MINEXTENTS 1 MAXEXTENTS 2147483645
  PCTINCREASE 0 FREELISTS 1 FREELIST GROUPS 1 BUFFER_POOL DEFAULT FLASH_CACHE DEFAULT CELL_FLASH_CACHE DEFAULT)
  TABLESPACE "SYSTEM"
--------------------------------------------------------
--  DDL for Index PK_ITEM_TYPES
--------------------------------------------------------

  CREATE UNIQUE INDEX "RICO"."PK_ITEM_TYPES" ON "RICO"."TBL_ITEM_TYPES" ("ITEM_TYPE_ID") 
  PCTFREE 10 INITRANS 2 MAXTRANS 255 COMPUTE STATISTICS 
  STORAGE(INITIAL 65536 NEXT 1048576 MINEXTENTS 1 MAXEXTENTS 2147483645
  PCTINCREASE 0 FREELISTS 1 FREELIST GROUPS 1 BUFFER_POOL DEFAULT FLASH_CACHE DEFAULT CELL_FLASH_CACHE DEFAULT)
  TABLESPACE "SYSTEM"
--------------------------------------------------------
--  DDL for Index PK_CATEGORIES
--------------------------------------------------------

  CREATE UNIQUE INDEX "RICO"."PK_CATEGORIES" ON "RICO"."TBL_CATEGORIES" ("CATEGORY_ID") 
  PCTFREE 10 INITRANS 2 MAXTRANS 255 COMPUTE STATISTICS 
  STORAGE(INITIAL 65536 NEXT 1048576 MINEXTENTS 1 MAXEXTENTS 2147483645
  PCTINCREASE 0 FREELISTS 1 FREELIST GROUPS 1 BUFFER_POOL DEFAULT FLASH_CACHE DEFAULT CELL_FLASH_CACHE DEFAULT)
  TABLESPACE "SYSTEM"
--------------------------------------------------------
--  DDL for Index PK_SCHEDULED_REPORTS
--------------------------------------------------------

  CREATE UNIQUE INDEX "RICO"."PK_SCHEDULED_REPORTS" ON "RICO"."TBL_SCHEDULED_REPORTS" ("SCHEDULE_ID") 
  PCTFREE 10 INITRANS 2 MAXTRANS 255 COMPUTE STATISTICS 
  STORAGE(INITIAL 65536 NEXT 1048576 MINEXTENTS 1 MAXEXTENTS 2147483645
  PCTINCREASE 0 FREELISTS 1 FREELIST GROUPS 1 BUFFER_POOL DEFAULT FLASH_CACHE DEFAULT CELL_FLASH_CACHE DEFAULT)
  TABLESPACE "SYSTEM"
--------------------------------------------------------
--  DDL for Index IDX_AUDIT_ACTION
--------------------------------------------------------

  CREATE INDEX "RICO"."IDX_AUDIT_ACTION" ON "RICO"."TBL_AUDIT_LOGS" ("ACTION_TYPE") 
  PCTFREE 10 INITRANS 2 MAXTRANS 255 COMPUTE STATISTICS 
  STORAGE(INITIAL 65536 NEXT 1048576 MINEXTENTS 1 MAXEXTENTS 2147483645
  PCTINCREASE 0 FREELISTS 1 FREELIST GROUPS 1 BUFFER_POOL DEFAULT FLASH_CACHE DEFAULT CELL_FLASH_CACHE DEFAULT)
  TABLESPACE "SYSTEM"
--------------------------------------------------------
--  DDL for Index UQ_ASSETS_QRCODE
--------------------------------------------------------

  CREATE UNIQUE INDEX "RICO"."UQ_ASSETS_QRCODE" ON "RICO"."TBL_ASSETS" ("QR_CODE") 
  PCTFREE 10 INITRANS 2 MAXTRANS 255 COMPUTE STATISTICS 
  STORAGE(INITIAL 65536 NEXT 1048576 MINEXTENTS 1 MAXEXTENTS 2147483645
  PCTINCREASE 0 FREELISTS 1 FREELIST GROUPS 1 BUFFER_POOL DEFAULT FLASH_CACHE DEFAULT CELL_FLASH_CACHE DEFAULT)
  TABLESPACE "SYSTEM"
--------------------------------------------------------
--  DDL for Index PK_AUDIT_LOGS
--------------------------------------------------------

  CREATE UNIQUE INDEX "RICO"."PK_AUDIT_LOGS" ON "RICO"."TBL_AUDIT_LOGS" ("LOG_ID") 
  PCTFREE 10 INITRANS 2 MAXTRANS 255 
  STORAGE(INITIAL 65536 NEXT 1048576 MINEXTENTS 1 MAXEXTENTS 2147483645
  PCTINCREASE 0 FREELISTS 1 FREELIST GROUPS 1 BUFFER_POOL DEFAULT FLASH_CACHE DEFAULT CELL_FLASH_CACHE DEFAULT)
  TABLESPACE "SYSTEM"
--------------------------------------------------------
--  DDL for Index PK_DELETION_REQUESTS
--------------------------------------------------------

  CREATE UNIQUE INDEX "RICO"."PK_DELETION_REQUESTS" ON "RICO"."TBL_DELETION_REQUESTS" ("REQUEST_ID") 
  PCTFREE 10 INITRANS 2 MAXTRANS 255 COMPUTE STATISTICS 
  STORAGE(INITIAL 65536 NEXT 1048576 MINEXTENTS 1 MAXEXTENTS 2147483645
  PCTINCREASE 0 FREELISTS 1 FREELIST GROUPS 1 BUFFER_POOL DEFAULT FLASH_CACHE DEFAULT CELL_FLASH_CACHE DEFAULT)
  TABLESPACE "SYSTEM"
--------------------------------------------------------
--  DDL for Index UQ_ASSETS_ASSET_ID
--------------------------------------------------------

  CREATE UNIQUE INDEX "RICO"."UQ_ASSETS_ASSET_ID" ON "RICO"."TBL_ASSETS" ("ASSET_ID") 
  PCTFREE 10 INITRANS 2 MAXTRANS 255 COMPUTE STATISTICS 
  STORAGE(INITIAL 65536 NEXT 1048576 MINEXTENTS 1 MAXEXTENTS 2147483645
  PCTINCREASE 0 FREELISTS 1 FREELIST GROUPS 1 BUFFER_POOL DEFAULT FLASH_CACHE DEFAULT CELL_FLASH_CACHE DEFAULT)
  TABLESPACE "SYSTEM"
--------------------------------------------------------
--  DDL for Index PK_MAINTENANCE_TYPES
--------------------------------------------------------

  CREATE UNIQUE INDEX "RICO"."PK_MAINTENANCE_TYPES" ON "RICO"."TBL_MAINTENANCE_TYPES" ("TYPE_ID") 
  PCTFREE 10 INITRANS 2 MAXTRANS 255 COMPUTE STATISTICS 
  STORAGE(INITIAL 65536 NEXT 1048576 MINEXTENTS 1 MAXEXTENTS 2147483645
  PCTINCREASE 0 FREELISTS 1 FREELIST GROUPS 1 BUFFER_POOL DEFAULT FLASH_CACHE DEFAULT CELL_FLASH_CACHE DEFAULT)
  TABLESPACE "SYSTEM"
--------------------------------------------------------
--  DDL for Index IDX_AUDIT_MODULE
--------------------------------------------------------

  CREATE INDEX "RICO"."IDX_AUDIT_MODULE" ON "RICO"."TBL_AUDIT_LOGS" ("MODULE") 
  PCTFREE 10 INITRANS 2 MAXTRANS 255 COMPUTE STATISTICS 
  STORAGE(INITIAL 65536 NEXT 1048576 MINEXTENTS 1 MAXEXTENTS 2147483645
  PCTINCREASE 0 FREELISTS 1 FREELIST GROUPS 1 BUFFER_POOL DEFAULT FLASH_CACHE DEFAULT CELL_FLASH_CACHE DEFAULT)
  TABLESPACE "SYSTEM"
--------------------------------------------------------
--  DDL for Index PK_REPORTS
--------------------------------------------------------

  CREATE UNIQUE INDEX "RICO"."PK_REPORTS" ON "RICO"."TBL_REPORTS" ("REPORT_ID") 
  PCTFREE 10 INITRANS 2 MAXTRANS 255 COMPUTE STATISTICS 
  STORAGE(INITIAL 65536 NEXT 1048576 MINEXTENTS 1 MAXEXTENTS 2147483645
  PCTINCREASE 0 FREELISTS 1 FREELIST GROUPS 1 BUFFER_POOL DEFAULT FLASH_CACHE DEFAULT CELL_FLASH_CACHE DEFAULT)
  TABLESPACE "SYSTEM"
--------------------------------------------------------
--  DDL for Index PK_ASSETS
--------------------------------------------------------

  CREATE UNIQUE INDEX "RICO"."PK_ASSETS" ON "RICO"."TBL_ASSETS" ("ID") 
  PCTFREE 10 INITRANS 2 MAXTRANS 255 COMPUTE STATISTICS 
  STORAGE(INITIAL 65536 NEXT 1048576 MINEXTENTS 1 MAXEXTENTS 2147483645
  PCTINCREASE 0 FREELISTS 1 FREELIST GROUPS 1 BUFFER_POOL DEFAULT FLASH_CACHE DEFAULT CELL_FLASH_CACHE DEFAULT)
  TABLESPACE "SYSTEM"
--------------------------------------------------------
--  DDL for Index PK_BORROWS
--------------------------------------------------------

  CREATE UNIQUE INDEX "RICO"."PK_BORROWS" ON "RICO"."TBL_BORROWS" ("BORROW_ID") 
  PCTFREE 10 INITRANS 2 MAXTRANS 255 COMPUTE STATISTICS 
  STORAGE(INITIAL 65536 NEXT 1048576 MINEXTENTS 1 MAXEXTENTS 2147483645
  PCTINCREASE 0 FREELISTS 1 FREELIST GROUPS 1 BUFFER_POOL DEFAULT FLASH_CACHE DEFAULT CELL_FLASH_CACHE DEFAULT)
  TABLESPACE "SYSTEM"
--------------------------------------------------------
--  DDL for Index REMEMBER_TOKENS_PK
--------------------------------------------------------

  CREATE UNIQUE INDEX "RICO"."REMEMBER_TOKENS_PK" ON "RICO"."REMEMBER_TOKENS" ("ID") 
  PCTFREE 10 INITRANS 2 MAXTRANS 255 COMPUTE STATISTICS 
  STORAGE(INITIAL 65536 NEXT 1048576 MINEXTENTS 1 MAXEXTENTS 2147483645
  PCTINCREASE 0 FREELISTS 1 FREELIST GROUPS 1 BUFFER_POOL DEFAULT FLASH_CACHE DEFAULT CELL_FLASH_CACHE DEFAULT)
  TABLESPACE "SYSTEM"
--------------------------------------------------------
--  DDL for Index PK_MAINTENANCE
--------------------------------------------------------

  CREATE UNIQUE INDEX "RICO"."PK_MAINTENANCE" ON "RICO"."TBL_MAINTENANCE" ("MAINTENANCE_ID") 
  PCTFREE 10 INITRANS 2 MAXTRANS 255 COMPUTE STATISTICS 
  STORAGE(INITIAL 65536 NEXT 1048576 MINEXTENTS 1 MAXEXTENTS 2147483645
  PCTINCREASE 0 FREELISTS 1 FREELIST GROUPS 1 BUFFER_POOL DEFAULT FLASH_CACHE DEFAULT CELL_FLASH_CACHE DEFAULT)
  TABLESPACE "SYSTEM"
--------------------------------------------------------
--  DDL for Index PK_DEPARTMENTS
--------------------------------------------------------

  CREATE UNIQUE INDEX "RICO"."PK_DEPARTMENTS" ON "RICO"."TBL_DEPARTMENTS" ("DEPARTMENT_ID") 
  PCTFREE 10 INITRANS 2 MAXTRANS 255 COMPUTE STATISTICS 
  STORAGE(INITIAL 65536 NEXT 1048576 MINEXTENTS 1 MAXEXTENTS 2147483645
  PCTINCREASE 0 FREELISTS 1 FREELIST GROUPS 1 BUFFER_POOL DEFAULT FLASH_CACHE DEFAULT CELL_FLASH_CACHE DEFAULT)
  TABLESPACE "SYSTEM"
--------------------------------------------------------
--  DDL for Trigger PASSWORD_RESETS_TRIGGER
--------------------------------------------------------

  CREATE OR REPLACE TRIGGER "RICO"."PASSWORD_RESETS_TRIGGER" 
BEFORE INSERT ON password_resets
FOR EACH ROW
BEGIN
    SELECT password_resets_seq.NEXTVAL
    INTO :NEW.id
    FROM dual;
END;

ALTER TRIGGER "RICO"."PASSWORD_RESETS_TRIGGER" ENABLE
--------------------------------------------------------
--  DDL for Trigger REMEMBER_TOKENS_BI
--------------------------------------------------------

  CREATE OR REPLACE TRIGGER "RICO"."REMEMBER_TOKENS_BI" 
BEFORE INSERT ON remember_tokens
FOR EACH ROW
BEGIN
    IF :NEW.id IS NULL THEN
        SELECT remember_tokens_seq.NEXTVAL
        INTO :NEW.id
        FROM dual;
    END IF;
END;

ALTER TRIGGER "RICO"."REMEMBER_TOKENS_BI" ENABLE
--------------------------------------------------------
--  DDL for Trigger TBL_ASSETS_BIR
--------------------------------------------------------

  CREATE OR REPLACE TRIGGER "RICO"."TBL_ASSETS_BIR" 
BEFORE INSERT ON tbl_assets FOR EACH ROW
BEGIN
  SELECT asset_id_seq.NEXTVAL INTO :NEW.id FROM dual;
END;

ALTER TRIGGER "RICO"."TBL_ASSETS_BIR" ENABLE
--------------------------------------------------------
--  DDL for Trigger TBL_AUDIT_LOGS_BIR
--------------------------------------------------------

  CREATE OR REPLACE TRIGGER "RICO"."TBL_AUDIT_LOGS_BIR" 
BEFORE INSERT ON tbl_audit_logs
FOR EACH ROW
BEGIN
  SELECT audit_seq.NEXTVAL INTO :NEW.log_id FROM dual;
END;

ALTER TRIGGER "RICO"."TBL_AUDIT_LOGS_BIR" ENABLE
--------------------------------------------------------
--  DDL for Trigger TBL_BORROWS_BIR
--------------------------------------------------------

  CREATE OR REPLACE TRIGGER "RICO"."TBL_BORROWS_BIR" 
BEFORE INSERT ON tbl_borrows
FOR EACH ROW
BEGIN
  SELECT borrow_seq.NEXTVAL INTO :NEW.borrow_id FROM dual;
END;

ALTER TRIGGER "RICO"."TBL_BORROWS_BIR" ENABLE
--------------------------------------------------------
--  DDL for Trigger TBL_CAT_BIR
--------------------------------------------------------

  CREATE OR REPLACE TRIGGER "RICO"."TBL_CAT_BIR" 
BEFORE INSERT ON tbl_categories
FOR EACH ROW
BEGIN
  SELECT cat_seq.NEXTVAL INTO :NEW.category_id FROM dual;
END;

ALTER TRIGGER "RICO"."TBL_CAT_BIR" ENABLE
--------------------------------------------------------
--  DDL for Trigger TBL_DEPT_BIR
--------------------------------------------------------

  CREATE OR REPLACE TRIGGER "RICO"."TBL_DEPT_BIR" 
BEFORE INSERT ON tbl_departments
FOR EACH ROW
BEGIN
  SELECT dept_seq.NEXTVAL INTO :NEW.department_id FROM dual;
END;
ALTER TRIGGER "RICO"."TBL_DEPT_BIR" ENABLE
--------------------------------------------------------
--  DDL for Trigger TBL_ITEM_TYPE_BIR
--------------------------------------------------------

  CREATE OR REPLACE TRIGGER "RICO"."TBL_ITEM_TYPE_BIR" 
BEFORE INSERT ON tbl_item_types FOR EACH ROW
BEGIN SELECT item_type_seq.NEXTVAL INTO :NEW.item_type_id FROM dual; END;

ALTER TRIGGER "RICO"."TBL_ITEM_TYPE_BIR" ENABLE
--------------------------------------------------------
--  DDL for Trigger TBL_MAINTENANCE_BIR
--------------------------------------------------------

  CREATE OR REPLACE TRIGGER "RICO"."TBL_MAINTENANCE_BIR" 
BEFORE INSERT ON tbl_maintenance
FOR EACH ROW
BEGIN
  SELECT maint_seq.NEXTVAL INTO :NEW.maintenance_id FROM dual;
END;

ALTER TRIGGER "RICO"."TBL_MAINTENANCE_BIR" ENABLE
--------------------------------------------------------
--  DDL for Trigger TBL_MAINT_TYPES_BIR
--------------------------------------------------------

  CREATE OR REPLACE TRIGGER "RICO"."TBL_MAINT_TYPES_BIR" 
BEFORE INSERT ON tbl_maintenance_types
FOR EACH ROW
BEGIN
  SELECT maint_type_seq.NEXTVAL INTO :NEW.type_id FROM dual;
END;

ALTER TRIGGER "RICO"."TBL_MAINT_TYPES_BIR" ENABLE
--------------------------------------------------------
--  DDL for Trigger USERS_BEFORE_INSERT
--------------------------------------------------------

  CREATE OR REPLACE TRIGGER "RICO"."USERS_BEFORE_INSERT" 
BEFORE INSERT ON users
FOR EACH ROW
BEGIN
  IF :NEW.user_id IS NULL THEN
    SELECT users_seq.NEXTVAL INTO :NEW.user_id FROM dual;
  END IF;
  :NEW.created_at := CURRENT_TIMESTAMP;
  :NEW.updated_at := CURRENT_TIMESTAMP;
END;

ALTER TRIGGER "RICO"."USERS_BEFORE_INSERT" ENABLE
--------------------------------------------------------
--  DDL for Trigger USERS_BEFORE_UPDATE
--------------------------------------------------------

  CREATE OR REPLACE TRIGGER "RICO"."USERS_BEFORE_UPDATE" 
BEFORE UPDATE ON users
FOR EACH ROW
BEGIN
  :NEW.updated_at := CURRENT_TIMESTAMP;
END;

ALTER TRIGGER "RICO"."USERS_BEFORE_UPDATE" ENABLE
--------------------------------------------------------
--  Constraints for Table TBL_REPORTS
--------------------------------------------------------

  ALTER TABLE "RICO"."TBL_REPORTS" ADD CONSTRAINT "PK_REPORTS" PRIMARY KEY ("REPORT_ID")
  USING INDEX PCTFREE 10 INITRANS 2 MAXTRANS 255 COMPUTE STATISTICS 
  STORAGE(INITIAL 65536 NEXT 1048576 MINEXTENTS 1 MAXEXTENTS 2147483645
  PCTINCREASE 0 FREELISTS 1 FREELIST GROUPS 1 BUFFER_POOL DEFAULT FLASH_CACHE DEFAULT CELL_FLASH_CACHE DEFAULT)
  TABLESPACE "SYSTEM"  ENABLE
  ALTER TABLE "RICO"."TBL_REPORTS" MODIFY ("REPORT_TYPE" NOT NULL ENABLE)
  ALTER TABLE "RICO"."TBL_REPORTS" MODIFY ("REPORT_NAME" NOT NULL ENABLE)
--------------------------------------------------------
--  Constraints for Table TBL_DEPARTMENTS
--------------------------------------------------------

  ALTER TABLE "RICO"."TBL_DEPARTMENTS" ADD CONSTRAINT "PK_DEPARTMENTS" PRIMARY KEY ("DEPARTMENT_ID")
  USING INDEX PCTFREE 10 INITRANS 2 MAXTRANS 255 COMPUTE STATISTICS 
  STORAGE(INITIAL 65536 NEXT 1048576 MINEXTENTS 1 MAXEXTENTS 2147483645
  PCTINCREASE 0 FREELISTS 1 FREELIST GROUPS 1 BUFFER_POOL DEFAULT FLASH_CACHE DEFAULT CELL_FLASH_CACHE DEFAULT)
  TABLESPACE "SYSTEM"  ENABLE
  ALTER TABLE "RICO"."TBL_DEPARTMENTS" MODIFY ("DEPARTMENT_NAME" NOT NULL ENABLE)
--------------------------------------------------------
--  Constraints for Table USERS
--------------------------------------------------------

  ALTER TABLE "RICO"."USERS" ADD CONSTRAINT "CHK_USER_ROLE" CHECK (role IN ('Staff', 'Admin')) ENABLE
  ALTER TABLE "RICO"."USERS" MODIFY ("ROLE" NOT NULL ENABLE)
  ALTER TABLE "RICO"."USERS" ADD UNIQUE ("EMPLOYEE_ID")
  USING INDEX PCTFREE 10 INITRANS 2 MAXTRANS 255 COMPUTE STATISTICS 
  STORAGE(INITIAL 65536 NEXT 1048576 MINEXTENTS 1 MAXEXTENTS 2147483645
  PCTINCREASE 0 FREELISTS 1 FREELIST GROUPS 1 BUFFER_POOL DEFAULT FLASH_CACHE DEFAULT CELL_FLASH_CACHE DEFAULT)
  TABLESPACE "SYSTEM"  ENABLE
  ALTER TABLE "RICO"."USERS" ADD UNIQUE ("EMAIL")
  USING INDEX PCTFREE 10 INITRANS 2 MAXTRANS 255 COMPUTE STATISTICS 
  STORAGE(INITIAL 65536 NEXT 1048576 MINEXTENTS 1 MAXEXTENTS 2147483645
  PCTINCREASE 0 FREELISTS 1 FREELIST GROUPS 1 BUFFER_POOL DEFAULT FLASH_CACHE DEFAULT CELL_FLASH_CACHE DEFAULT)
  TABLESPACE "SYSTEM"  ENABLE
  ALTER TABLE "RICO"."USERS" ADD PRIMARY KEY ("USER_ID")
  USING INDEX PCTFREE 10 INITRANS 2 MAXTRANS 255 COMPUTE STATISTICS 
  STORAGE(INITIAL 65536 NEXT 1048576 MINEXTENTS 1 MAXEXTENTS 2147483645
  PCTINCREASE 0 FREELISTS 1 FREELIST GROUPS 1 BUFFER_POOL DEFAULT FLASH_CACHE DEFAULT CELL_FLASH_CACHE DEFAULT)
  TABLESPACE "SYSTEM"  ENABLE
  ALTER TABLE "RICO"."USERS" MODIFY ("PASSWORD" NOT NULL ENABLE)
  ALTER TABLE "RICO"."USERS" MODIFY ("EMPLOYEE_ID" NOT NULL ENABLE)
  ALTER TABLE "RICO"."USERS" MODIFY ("DEPARTMENT" NOT NULL ENABLE)
  ALTER TABLE "RICO"."USERS" MODIFY ("EMAIL" NOT NULL ENABLE)
  ALTER TABLE "RICO"."USERS" MODIFY ("FULL_NAME" NOT NULL ENABLE)
--------------------------------------------------------
--  Constraints for Table PASSWORD_RESETS
--------------------------------------------------------

  ALTER TABLE "RICO"."PASSWORD_RESETS" ADD PRIMARY KEY ("ID")
  USING INDEX PCTFREE 10 INITRANS 2 MAXTRANS 255 COMPUTE STATISTICS 
  STORAGE(INITIAL 65536 NEXT 1048576 MINEXTENTS 1 MAXEXTENTS 2147483645
  PCTINCREASE 0 FREELISTS 1 FREELIST GROUPS 1 BUFFER_POOL DEFAULT FLASH_CACHE DEFAULT CELL_FLASH_CACHE DEFAULT)
  TABLESPACE "SYSTEM"  ENABLE
  ALTER TABLE "RICO"."PASSWORD_RESETS" MODIFY ("EXPIRES_AT" NOT NULL ENABLE)
  ALTER TABLE "RICO"."PASSWORD_RESETS" MODIFY ("OTP_HASH" NOT NULL ENABLE)
  ALTER TABLE "RICO"."PASSWORD_RESETS" MODIFY ("EMAIL" NOT NULL ENABLE)
--------------------------------------------------------
--  Constraints for Table TBL_CUSTODIANS
--------------------------------------------------------

  ALTER TABLE "RICO"."TBL_CUSTODIANS" ADD PRIMARY KEY ("CUSTODIAN_ID")
  USING INDEX PCTFREE 10 INITRANS 2 MAXTRANS 255 COMPUTE STATISTICS 
  STORAGE(INITIAL 65536 NEXT 1048576 MINEXTENTS 1 MAXEXTENTS 2147483645
  PCTINCREASE 0 FREELISTS 1 FREELIST GROUPS 1 BUFFER_POOL DEFAULT FLASH_CACHE DEFAULT CELL_FLASH_CACHE DEFAULT)
  TABLESPACE "SYSTEM"  ENABLE
  ALTER TABLE "RICO"."TBL_CUSTODIANS" MODIFY ("CREATED_AT" NOT NULL ENABLE)
  ALTER TABLE "RICO"."TBL_CUSTODIANS" MODIFY ("STATUS" NOT NULL ENABLE)
  ALTER TABLE "RICO"."TBL_CUSTODIANS" MODIFY ("LAST_NAME" NOT NULL ENABLE)
  ALTER TABLE "RICO"."TBL_CUSTODIANS" MODIFY ("FIRST_NAME" NOT NULL ENABLE)
  ALTER TABLE "RICO"."TBL_CUSTODIANS" MODIFY ("DEPARTMENT_ID" NOT NULL ENABLE)
--------------------------------------------------------
--  Constraints for Table TBL_MAINTENANCE_TYPES
--------------------------------------------------------

  ALTER TABLE "RICO"."TBL_MAINTENANCE_TYPES" ADD CONSTRAINT "PK_MAINTENANCE_TYPES" PRIMARY KEY ("TYPE_ID")
  USING INDEX PCTFREE 10 INITRANS 2 MAXTRANS 255 COMPUTE STATISTICS 
  STORAGE(INITIAL 65536 NEXT 1048576 MINEXTENTS 1 MAXEXTENTS 2147483645
  PCTINCREASE 0 FREELISTS 1 FREELIST GROUPS 1 BUFFER_POOL DEFAULT FLASH_CACHE DEFAULT CELL_FLASH_CACHE DEFAULT)
  TABLESPACE "SYSTEM"  ENABLE
  ALTER TABLE "RICO"."TBL_MAINTENANCE_TYPES" MODIFY ("TYPE_NAME" NOT NULL ENABLE)
--------------------------------------------------------
--  Constraints for Table TBL_SCHEDULED_REPORTS
--------------------------------------------------------

  ALTER TABLE "RICO"."TBL_SCHEDULED_REPORTS" ADD CONSTRAINT "PK_SCHEDULED_REPORTS" PRIMARY KEY ("SCHEDULE_ID")
  USING INDEX PCTFREE 10 INITRANS 2 MAXTRANS 255 COMPUTE STATISTICS 
  STORAGE(INITIAL 65536 NEXT 1048576 MINEXTENTS 1 MAXEXTENTS 2147483645
  PCTINCREASE 0 FREELISTS 1 FREELIST GROUPS 1 BUFFER_POOL DEFAULT FLASH_CACHE DEFAULT CELL_FLASH_CACHE DEFAULT)
  TABLESPACE "SYSTEM"  ENABLE
  ALTER TABLE "RICO"."TBL_SCHEDULED_REPORTS" MODIFY ("RUN_TIME" NOT NULL ENABLE)
  ALTER TABLE "RICO"."TBL_SCHEDULED_REPORTS" MODIFY ("START_DATE" NOT NULL ENABLE)
  ALTER TABLE "RICO"."TBL_SCHEDULED_REPORTS" MODIFY ("FREQUENCY" NOT NULL ENABLE)
  ALTER TABLE "RICO"."TBL_SCHEDULED_REPORTS" MODIFY ("REPORT_TYPE" NOT NULL ENABLE)
  ALTER TABLE "RICO"."TBL_SCHEDULED_REPORTS" MODIFY ("SCHEDULE_NAME" NOT NULL ENABLE)
--------------------------------------------------------
--  Constraints for Table TBL_CATEGORIES
--------------------------------------------------------

  ALTER TABLE "RICO"."TBL_CATEGORIES" ADD CONSTRAINT "PK_CATEGORIES" PRIMARY KEY ("CATEGORY_ID")
  USING INDEX PCTFREE 10 INITRANS 2 MAXTRANS 255 COMPUTE STATISTICS 
  STORAGE(INITIAL 65536 NEXT 1048576 MINEXTENTS 1 MAXEXTENTS 2147483645
  PCTINCREASE 0 FREELISTS 1 FREELIST GROUPS 1 BUFFER_POOL DEFAULT FLASH_CACHE DEFAULT CELL_FLASH_CACHE DEFAULT)
  TABLESPACE "SYSTEM"  ENABLE
  ALTER TABLE "RICO"."TBL_CATEGORIES" MODIFY ("CATEGORY_NAME" NOT NULL ENABLE)
--------------------------------------------------------
--  Constraints for Table REMEMBER_TOKENS
--------------------------------------------------------

  ALTER TABLE "RICO"."REMEMBER_TOKENS" ADD CONSTRAINT "REMEMBER_TOKENS_PK" PRIMARY KEY ("ID")
  USING INDEX PCTFREE 10 INITRANS 2 MAXTRANS 255 COMPUTE STATISTICS 
  STORAGE(INITIAL 65536 NEXT 1048576 MINEXTENTS 1 MAXEXTENTS 2147483645
  PCTINCREASE 0 FREELISTS 1 FREELIST GROUPS 1 BUFFER_POOL DEFAULT FLASH_CACHE DEFAULT CELL_FLASH_CACHE DEFAULT)
  TABLESPACE "SYSTEM"  ENABLE
  ALTER TABLE "RICO"."REMEMBER_TOKENS" MODIFY ("EXPIRES_AT" NOT NULL ENABLE)
  ALTER TABLE "RICO"."REMEMBER_TOKENS" MODIFY ("TOKEN_HASH" NOT NULL ENABLE)
  ALTER TABLE "RICO"."REMEMBER_TOKENS" MODIFY ("USER_ID" NOT NULL ENABLE)
  ALTER TABLE "RICO"."REMEMBER_TOKENS" MODIFY ("ID" NOT NULL ENABLE)
--------------------------------------------------------
--  Constraints for Table TBL_BORROWS
--------------------------------------------------------

  ALTER TABLE "RICO"."TBL_BORROWS" ADD CONSTRAINT "PK_BORROWS" PRIMARY KEY ("BORROW_ID")
  USING INDEX PCTFREE 10 INITRANS 2 MAXTRANS 255 COMPUTE STATISTICS 
  STORAGE(INITIAL 65536 NEXT 1048576 MINEXTENTS 1 MAXEXTENTS 2147483645
  PCTINCREASE 0 FREELISTS 1 FREELIST GROUPS 1 BUFFER_POOL DEFAULT FLASH_CACHE DEFAULT CELL_FLASH_CACHE DEFAULT)
  TABLESPACE "SYSTEM"  ENABLE
  ALTER TABLE "RICO"."TBL_BORROWS" ADD CONSTRAINT "CHK_BORROW_STATUS" CHECK (status IN ('Pending', 'Borrowed', 'Returned','Overdue', 'Cancelled', 'Overdue')) ENABLE
  ALTER TABLE "RICO"."TBL_BORROWS" MODIFY ("DUE_DATE" NOT NULL ENABLE)
  ALTER TABLE "RICO"."TBL_BORROWS" MODIFY ("BORROW_DATE" NOT NULL ENABLE)
  ALTER TABLE "RICO"."TBL_BORROWS" MODIFY ("LAST_NAME" NOT NULL ENABLE)
  ALTER TABLE "RICO"."TBL_BORROWS" MODIFY ("FIRST_NAME" NOT NULL ENABLE)
  ALTER TABLE "RICO"."TBL_BORROWS" MODIFY ("DEPARTMENT_ID" NOT NULL ENABLE)
  ALTER TABLE "RICO"."TBL_BORROWS" MODIFY ("ASSET_ID" NOT NULL ENABLE)
--------------------------------------------------------
--  Constraints for Table TBL_AUDIT_LOGS
--------------------------------------------------------

  ALTER TABLE "RICO"."TBL_AUDIT_LOGS" ADD CONSTRAINT "PK_AUDIT_LOGS" PRIMARY KEY ("LOG_ID")
  USING INDEX PCTFREE 10 INITRANS 2 MAXTRANS 255 
  STORAGE(INITIAL 65536 NEXT 1048576 MINEXTENTS 1 MAXEXTENTS 2147483645
  PCTINCREASE 0 FREELISTS 1 FREELIST GROUPS 1 BUFFER_POOL DEFAULT FLASH_CACHE DEFAULT CELL_FLASH_CACHE DEFAULT)
  TABLESPACE "SYSTEM"  ENABLE
  ALTER TABLE "RICO"."TBL_AUDIT_LOGS" MODIFY ("DESCRIPTION" NOT NULL ENABLE)
  ALTER TABLE "RICO"."TBL_AUDIT_LOGS" MODIFY ("PERFORMED_BY" NOT NULL ENABLE)
  ALTER TABLE "RICO"."TBL_AUDIT_LOGS" MODIFY ("MODULE" NOT NULL ENABLE)
  ALTER TABLE "RICO"."TBL_AUDIT_LOGS" MODIFY ("ACTION_TYPE" NOT NULL ENABLE)
  ALTER TABLE "RICO"."TBL_AUDIT_LOGS" MODIFY ("LOG_ID" NOT NULL ENABLE)
--------------------------------------------------------
--  Constraints for Table TBL_DELETION_REQUESTS
--------------------------------------------------------

  ALTER TABLE "RICO"."TBL_DELETION_REQUESTS" ADD CONSTRAINT "PK_DELETION_REQUESTS" PRIMARY KEY ("REQUEST_ID")
  USING INDEX PCTFREE 10 INITRANS 2 MAXTRANS 255 COMPUTE STATISTICS 
  STORAGE(INITIAL 65536 NEXT 1048576 MINEXTENTS 1 MAXEXTENTS 2147483645
  PCTINCREASE 0 FREELISTS 1 FREELIST GROUPS 1 BUFFER_POOL DEFAULT FLASH_CACHE DEFAULT CELL_FLASH_CACHE DEFAULT)
  TABLESPACE "SYSTEM"  ENABLE
  ALTER TABLE "RICO"."TBL_DELETION_REQUESTS" ADD CONSTRAINT "CHK_DELREQ_STATUS" CHECK (
    STATUS IN ('Pending', 'Approved', 'Rejected')
  ) ENABLE
  ALTER TABLE "RICO"."TBL_DELETION_REQUESTS" MODIFY ("REASON" NOT NULL ENABLE)
  ALTER TABLE "RICO"."TBL_DELETION_REQUESTS" MODIFY ("REQUESTED_BY" NOT NULL ENABLE)
  ALTER TABLE "RICO"."TBL_DELETION_REQUESTS" MODIFY ("ASSET_ID" NOT NULL ENABLE)
  ALTER TABLE "RICO"."TBL_DELETION_REQUESTS" MODIFY ("REQUEST_ID" NOT NULL ENABLE)
--------------------------------------------------------
--  Constraints for Table TBL_ASSETS
--------------------------------------------------------

  ALTER TABLE "RICO"."TBL_ASSETS" ADD CONSTRAINT "UQ_ASSETS_QRCODE" UNIQUE ("QR_CODE")
  USING INDEX PCTFREE 10 INITRANS 2 MAXTRANS 255 COMPUTE STATISTICS 
  STORAGE(INITIAL 65536 NEXT 1048576 MINEXTENTS 1 MAXEXTENTS 2147483645
  PCTINCREASE 0 FREELISTS 1 FREELIST GROUPS 1 BUFFER_POOL DEFAULT FLASH_CACHE DEFAULT CELL_FLASH_CACHE DEFAULT)
  TABLESPACE "SYSTEM"  ENABLE
  ALTER TABLE "RICO"."TBL_ASSETS" ADD CONSTRAINT "UQ_ASSETS_ASSET_ID" UNIQUE ("ASSET_ID")
  USING INDEX PCTFREE 10 INITRANS 2 MAXTRANS 255 COMPUTE STATISTICS 
  STORAGE(INITIAL 65536 NEXT 1048576 MINEXTENTS 1 MAXEXTENTS 2147483645
  PCTINCREASE 0 FREELISTS 1 FREELIST GROUPS 1 BUFFER_POOL DEFAULT FLASH_CACHE DEFAULT CELL_FLASH_CACHE DEFAULT)
  TABLESPACE "SYSTEM"  ENABLE
  ALTER TABLE "RICO"."TBL_ASSETS" ADD CONSTRAINT "PK_ASSETS" PRIMARY KEY ("ID")
  USING INDEX PCTFREE 10 INITRANS 2 MAXTRANS 255 COMPUTE STATISTICS 
  STORAGE(INITIAL 65536 NEXT 1048576 MINEXTENTS 1 MAXEXTENTS 2147483645
  PCTINCREASE 0 FREELISTS 1 FREELIST GROUPS 1 BUFFER_POOL DEFAULT FLASH_CACHE DEFAULT CELL_FLASH_CACHE DEFAULT)
  TABLESPACE "SYSTEM"  ENABLE
  ALTER TABLE "RICO"."TBL_ASSETS" ADD CONSTRAINT "CHK_ASSET_DELETED" CHECK (is_deleted   IN (0, 1)) ENABLE
  ALTER TABLE "RICO"."TBL_ASSETS" ADD CONSTRAINT "CHK_ASSET_CERTIFIED" CHECK (is_certified IN (0, 1)) ENABLE
  ALTER TABLE "RICO"."TBL_ASSETS" MODIFY ("DESCRIPTION" NOT NULL ENABLE)
  ALTER TABLE "RICO"."TBL_ASSETS" MODIFY ("QR_CODE" NOT NULL ENABLE)
  ALTER TABLE "RICO"."TBL_ASSETS" MODIFY ("ASSET_ID" NOT NULL ENABLE)
--------------------------------------------------------
--  Constraints for Table TBL_ITEM_TYPES
--------------------------------------------------------

  ALTER TABLE "RICO"."TBL_ITEM_TYPES" ADD CONSTRAINT "PK_ITEM_TYPES" PRIMARY KEY ("ITEM_TYPE_ID")
  USING INDEX PCTFREE 10 INITRANS 2 MAXTRANS 255 COMPUTE STATISTICS 
  STORAGE(INITIAL 65536 NEXT 1048576 MINEXTENTS 1 MAXEXTENTS 2147483645
  PCTINCREASE 0 FREELISTS 1 FREELIST GROUPS 1 BUFFER_POOL DEFAULT FLASH_CACHE DEFAULT CELL_FLASH_CACHE DEFAULT)
  TABLESPACE "SYSTEM"  ENABLE
  ALTER TABLE "RICO"."TBL_ITEM_TYPES" MODIFY ("ITEM_TYPE_CODE" NOT NULL ENABLE)
  ALTER TABLE "RICO"."TBL_ITEM_TYPES" MODIFY ("ITEM_TYPE_NAME" NOT NULL ENABLE)
--------------------------------------------------------
--  Constraints for Table TBL_MAINTENANCE
--------------------------------------------------------

  ALTER TABLE "RICO"."TBL_MAINTENANCE" ADD CONSTRAINT "PK_MAINTENANCE" PRIMARY KEY ("MAINTENANCE_ID")
  USING INDEX PCTFREE 10 INITRANS 2 MAXTRANS 255 COMPUTE STATISTICS 
  STORAGE(INITIAL 65536 NEXT 1048576 MINEXTENTS 1 MAXEXTENTS 2147483645
  PCTINCREASE 0 FREELISTS 1 FREELIST GROUPS 1 BUFFER_POOL DEFAULT FLASH_CACHE DEFAULT CELL_FLASH_CACHE DEFAULT)
  TABLESPACE "SYSTEM"  ENABLE
  ALTER TABLE "RICO"."TBL_MAINTENANCE" ADD CONSTRAINT "CHK_MAINT_STATUS" CHECK (status IN ('Pending', 'In Progress', 'Completed', 'Cancelled')) ENABLE
  ALTER TABLE "RICO"."TBL_MAINTENANCE" MODIFY ("SCHEDULED_DATE" NOT NULL ENABLE)
  ALTER TABLE "RICO"."TBL_MAINTENANCE" MODIFY ("TECH_LAST_NAME" NOT NULL ENABLE)
  ALTER TABLE "RICO"."TBL_MAINTENANCE" MODIFY ("TECH_FIRST_NAME" NOT NULL ENABLE)
  ALTER TABLE "RICO"."TBL_MAINTENANCE" MODIFY ("ISSUE_DESCRIPTION" NOT NULL ENABLE)
  ALTER TABLE "RICO"."TBL_MAINTENANCE" MODIFY ("TYPE_ID" NOT NULL ENABLE)
  ALTER TABLE "RICO"."TBL_MAINTENANCE" MODIFY ("ASSET_ID" NOT NULL ENABLE)
--------------------------------------------------------
--  Ref Constraints for Table REMEMBER_TOKENS
--------------------------------------------------------

  ALTER TABLE "RICO"."REMEMBER_TOKENS" ADD CONSTRAINT "REMEMBER_TOKEN_USER_FK" FOREIGN KEY ("USER_ID")
	  REFERENCES "RICO"."USERS" ("USER_ID") ON DELETE CASCADE ENABLE
--------------------------------------------------------
--  Ref Constraints for Table TBL_ASSETS
--------------------------------------------------------

  ALTER TABLE "RICO"."TBL_ASSETS" ADD CONSTRAINT "FK_ASSET_CATEGORY" FOREIGN KEY ("CATEGORY_ID")
	  REFERENCES "RICO"."TBL_CATEGORIES" ("CATEGORY_ID") ENABLE
  ALTER TABLE "RICO"."TBL_ASSETS" ADD CONSTRAINT "FK_ASSET_CUSTODIAN" FOREIGN KEY ("CUSTODIAN_ID")
	  REFERENCES "RICO"."TBL_CUSTODIANS" ("CUSTODIAN_ID") ON DELETE SET NULL ENABLE
  ALTER TABLE "RICO"."TBL_ASSETS" ADD CONSTRAINT "FK_ASSET_DEPARTMENT" FOREIGN KEY ("DEPARTMENT_ID")
	  REFERENCES "RICO"."TBL_DEPARTMENTS" ("DEPARTMENT_ID") ENABLE
  ALTER TABLE "RICO"."TBL_ASSETS" ADD CONSTRAINT "FK_ASSET_ITEM_TYPE" FOREIGN KEY ("ITEM_TYPE_ID")
	  REFERENCES "RICO"."TBL_ITEM_TYPES" ("ITEM_TYPE_ID") ENABLE
--------------------------------------------------------
--  Ref Constraints for Table TBL_BORROWS
--------------------------------------------------------

  ALTER TABLE "RICO"."TBL_BORROWS" ADD CONSTRAINT "FK_BORROW_ASSET" FOREIGN KEY ("ASSET_ID")
	  REFERENCES "RICO"."TBL_ASSETS" ("ASSET_ID") ENABLE
  ALTER TABLE "RICO"."TBL_BORROWS" ADD CONSTRAINT "FK_BORROW_DEPT" FOREIGN KEY ("DEPARTMENT_ID")
	  REFERENCES "RICO"."TBL_DEPARTMENTS" ("DEPARTMENT_ID") ENABLE
--------------------------------------------------------
--  Ref Constraints for Table TBL_CUSTODIANS
--------------------------------------------------------

  ALTER TABLE "RICO"."TBL_CUSTODIANS" ADD CONSTRAINT "FK_CUST_DEPT" FOREIGN KEY ("DEPARTMENT_ID")
	  REFERENCES "RICO"."TBL_DEPARTMENTS" ("DEPARTMENT_ID") ENABLE
--------------------------------------------------------
--  Ref Constraints for Table TBL_DELETION_REQUESTS
--------------------------------------------------------

  ALTER TABLE "RICO"."TBL_DELETION_REQUESTS" ADD CONSTRAINT "FK_DELREQ_ASSET" FOREIGN KEY ("ASSET_ID")
	  REFERENCES "RICO"."TBL_ASSETS" ("ASSET_ID") ON DELETE CASCADE ENABLE
--------------------------------------------------------
--  Ref Constraints for Table TBL_MAINTENANCE
--------------------------------------------------------

  ALTER TABLE "RICO"."TBL_MAINTENANCE" ADD CONSTRAINT "FK_MAINT_ASSET" FOREIGN KEY ("ASSET_ID")
	  REFERENCES "RICO"."TBL_ASSETS" ("ASSET_ID") ENABLE
  ALTER TABLE "RICO"."TBL_MAINTENANCE" ADD CONSTRAINT "FK_MAINT_TYPE" FOREIGN KEY ("TYPE_ID")
	  REFERENCES "RICO"."TBL_MAINTENANCE_TYPES" ("TYPE_ID") ENABLE
