--------------------------------------------------------
--  File created - Tuesday-May-05-2026   
--------------------------------------------------------
--------------------------------------------------------
--  DDL for Sequence ASSET_ID_SEQ
--------------------------------------------------------

   CREATE SEQUENCE  "RICO"."ASSET_ID_SEQ"  MINVALUE 1 MAXVALUE 9999999999999999999999999999 INCREMENT BY 1 START WITH 54 NOCACHE  NOORDER  NOCYCLE
--------------------------------------------------------
--  DDL for Sequence ASSET_SEQ
--------------------------------------------------------

   CREATE SEQUENCE  "RICO"."ASSET_SEQ"  MINVALUE 1 MAXVALUE 9999999999999999999999999999 INCREMENT BY 1 START WITH 54 NOCACHE  NOORDER  NOCYCLE
--------------------------------------------------------
--  DDL for Sequence AUDIT_SEQ
--------------------------------------------------------

   CREATE SEQUENCE  "RICO"."AUDIT_SEQ"  MINVALUE 1 MAXVALUE 9999999999999999999999999999 INCREMENT BY 1 START WITH 132 NOCACHE  NOORDER  NOCYCLE
--------------------------------------------------------
--  DDL for Sequence BORROW_SEQ
--------------------------------------------------------

   CREATE SEQUENCE  "RICO"."BORROW_SEQ"  MINVALUE 1 MAXVALUE 9999999999999999999999999999 INCREMENT BY 1 START WITH 12 NOCACHE  NOORDER  NOCYCLE
--------------------------------------------------------
--  DDL for Sequence CAT_SEQ
--------------------------------------------------------

   CREATE SEQUENCE  "RICO"."CAT_SEQ"  MINVALUE 1 MAXVALUE 9999999999999999999999999999 INCREMENT BY 1 START WITH 61 CACHE 20 NOORDER  NOCYCLE
--------------------------------------------------------
--  DDL for Sequence CUSTODIAN_SEQ
--------------------------------------------------------

   CREATE SEQUENCE  "RICO"."CUSTODIAN_SEQ"  MINVALUE 1 MAXVALUE 9999999999999999999999999999 INCREMENT BY 1 START WITH 98 NOCACHE  NOORDER  NOCYCLE
--------------------------------------------------------
--  DDL for Sequence DEL_REQ_SEQ
--------------------------------------------------------

   CREATE SEQUENCE  "RICO"."DEL_REQ_SEQ"  MINVALUE 1 MAXVALUE 9999999999999999999999999999 INCREMENT BY 1 START WITH 12 NOCACHE  NOORDER  NOCYCLE
--------------------------------------------------------
--  DDL for Sequence DEPT_SEQ
--------------------------------------------------------

   CREATE SEQUENCE  "RICO"."DEPT_SEQ"  MINVALUE 1 MAXVALUE 9999999999999999999999999999 INCREMENT BY 1 START WITH 141 CACHE 20 NOORDER  NOCYCLE
--------------------------------------------------------
--  DDL for Sequence ITEM_TYPE_SEQ
--------------------------------------------------------

   CREATE SEQUENCE  "RICO"."ITEM_TYPE_SEQ"  MINVALUE 1 MAXVALUE 9999999999999999999999999999 INCREMENT BY 1 START WITH 61 CACHE 20 NOORDER  NOCYCLE
--------------------------------------------------------
--  DDL for Sequence MAINT_SEQ
--------------------------------------------------------

   CREATE SEQUENCE  "RICO"."MAINT_SEQ"  MINVALUE 1 MAXVALUE 9999999999999999999999999999 INCREMENT BY 1 START WITH 12 NOCACHE  NOORDER  NOCYCLE
--------------------------------------------------------
--  DDL for Sequence MAINT_TYPE_SEQ
--------------------------------------------------------

   CREATE SEQUENCE  "RICO"."MAINT_TYPE_SEQ"  MINVALUE 1 MAXVALUE 9999999999999999999999999999 INCREMENT BY 1 START WITH 17 NOCACHE  NOORDER  NOCYCLE
--------------------------------------------------------
--  DDL for Sequence NOTIFICATIONS_SEQ
--------------------------------------------------------

   CREATE SEQUENCE  "RICO"."NOTIFICATIONS_SEQ"  MINVALUE 1 MAXVALUE 9999999999999999999999999999 INCREMENT BY 1 START WITH 6 NOCACHE  NOORDER  NOCYCLE
--------------------------------------------------------
--  DDL for Sequence PASSWORD_RESETS_SEQ
--------------------------------------------------------

   CREATE SEQUENCE  "RICO"."PASSWORD_RESETS_SEQ"  MINVALUE 1 MAXVALUE 9999999999999999999999999999 INCREMENT BY 1 START WITH 3 NOCACHE  NOORDER  NOCYCLE
--------------------------------------------------------
--  DDL for Sequence REMEMBER_TOKENS_SEQ
--------------------------------------------------------

   CREATE SEQUENCE  "RICO"."REMEMBER_TOKENS_SEQ"  MINVALUE 1 MAXVALUE 9999999999999999999999999999 INCREMENT BY 1 START WITH 13 NOCACHE  NOORDER  NOCYCLE
--------------------------------------------------------
--  DDL for Sequence REPORT_SEQ
--------------------------------------------------------

   CREATE SEQUENCE  "RICO"."REPORT_SEQ"  MINVALUE 1 MAXVALUE 9999999999999999999999999999 INCREMENT BY 1 START WITH 50 NOCACHE  NOORDER  NOCYCLE
--------------------------------------------------------
--  DDL for Sequence SCHEDULE_SEQ
--------------------------------------------------------

   CREATE SEQUENCE  "RICO"."SCHEDULE_SEQ"  MINVALUE 1 MAXVALUE 9999999999999999999999999999 INCREMENT BY 1 START WITH 13 NOCACHE  NOORDER  NOCYCLE
--------------------------------------------------------
--  DDL for Sequence TBL_DEPT_SEQ
--------------------------------------------------------

   CREATE SEQUENCE  "RICO"."TBL_DEPT_SEQ"  MINVALUE 1 MAXVALUE 9999999999999999999999999999 INCREMENT BY 1 START WITH 1 CACHE 20 NOORDER  NOCYCLE
--------------------------------------------------------
--  DDL for Sequence USERS_SEQ
--------------------------------------------------------

   CREATE SEQUENCE  "RICO"."USERS_SEQ"  MINVALUE 1 MAXVALUE 9999999999999999999999999999 INCREMENT BY 1 START WITH 28 NOCACHE  NOORDER  NOCYCLE
--------------------------------------------------------
--  DDL for Table PASSWORD_RESETS
--------------------------------------------------------

  CREATE TABLE "RICO"."PASSWORD_RESETS" 
   (	"ID" NUMBER, 
	"EMAIL" VARCHAR2(255) NOT NULL ENABLE, 
	"OTP_HASH" VARCHAR2(255) NOT NULL ENABLE, 
	"EXPIRES_AT" DATE NOT NULL ENABLE, 
	"USED" NUMBER(1,0) DEFAULT 0, 
	 CONSTRAINT "PK_PASSWORD_RESETS" PRIMARY KEY ("ID")
  USING INDEX PCTFREE 10 INITRANS 2 MAXTRANS 255 COMPUTE STATISTICS 
  STORAGE(INITIAL 65536 NEXT 1048576 MINEXTENTS 1 MAXEXTENTS 2147483645
  PCTINCREASE 0 FREELISTS 1 FREELIST GROUPS 1 BUFFER_POOL DEFAULT FLASH_CACHE DEFAULT CELL_FLASH_CACHE DEFAULT)
  TABLESPACE "SYSTEM"  ENABLE
   ) SEGMENT CREATION IMMEDIATE 
  PCTFREE 10 PCTUSED 40 INITRANS 1 MAXTRANS 255 NOCOMPRESS LOGGING
  STORAGE(INITIAL 65536 NEXT 1048576 MINEXTENTS 1 MAXEXTENTS 2147483645
  PCTINCREASE 0 FREELISTS 1 FREELIST GROUPS 1 BUFFER_POOL DEFAULT FLASH_CACHE DEFAULT CELL_FLASH_CACHE DEFAULT)
  TABLESPACE "SYSTEM"
--------------------------------------------------------
--  DDL for Table REMEMBER_TOKENS
--------------------------------------------------------

  CREATE TABLE "RICO"."REMEMBER_TOKENS" 
   (	"ID" NUMBER NOT NULL ENABLE, 
	"USER_ID" NUMBER NOT NULL ENABLE, 
	"TOKEN_HASH" VARCHAR2(255) NOT NULL ENABLE, 
	"EXPIRES_AT" TIMESTAMP (6) NOT NULL ENABLE, 
	 CONSTRAINT "REMEMBER_TOKENS_PK" PRIMARY KEY ("ID")
  USING INDEX PCTFREE 10 INITRANS 2 MAXTRANS 255 COMPUTE STATISTICS 
  STORAGE(INITIAL 65536 NEXT 1048576 MINEXTENTS 1 MAXEXTENTS 2147483645
  PCTINCREASE 0 FREELISTS 1 FREELIST GROUPS 1 BUFFER_POOL DEFAULT FLASH_CACHE DEFAULT CELL_FLASH_CACHE DEFAULT)
  TABLESPACE "SYSTEM"  ENABLE, 
	 CONSTRAINT "REMEMBER_TOKEN_USER_FK" FOREIGN KEY ("USER_ID")
	  REFERENCES "RICO"."USERS" ("USER_ID") ON DELETE CASCADE ENABLE
   ) SEGMENT CREATION IMMEDIATE 
  PCTFREE 10 PCTUSED 40 INITRANS 1 MAXTRANS 255 NOCOMPRESS LOGGING
  STORAGE(INITIAL 65536 NEXT 1048576 MINEXTENTS 1 MAXEXTENTS 2147483645
  PCTINCREASE 0 FREELISTS 1 FREELIST GROUPS 1 BUFFER_POOL DEFAULT FLASH_CACHE DEFAULT CELL_FLASH_CACHE DEFAULT)
  TABLESPACE "SYSTEM"
--------------------------------------------------------
--  DDL for Table TBL_ASSETS
--------------------------------------------------------

  CREATE TABLE "RICO"."TBL_ASSETS" 
   (	"ID" NUMBER, 
	"ASSET_ID" VARCHAR2(50) NOT NULL ENABLE, 
	"QR_CODE" VARCHAR2(100) NOT NULL ENABLE, 
	"CATEGORY_ID" NUMBER, 
	"DEPARTMENT_ID" NUMBER, 
	"ITEM_TYPE_ID" NUMBER, 
	"DESCRIPTION" VARCHAR2(255) NOT NULL ENABLE, 
	"SERIAL_NUMBER" VARCHAR2(100), 
	"LOCATION" VARCHAR2(150), 
	"STATUS" VARCHAR2(20) DEFAULT 'Available', 
	"IS_CERTIFIED" NUMBER(1,0) DEFAULT 0, 
	"IS_DELETED" NUMBER(1,0) DEFAULT 0, 
	"DELETED_AT" TIMESTAMP (6), 
	"DELETED_BY" VARCHAR2(100), 
	"CREATED_AT" TIMESTAMP (6) DEFAULT CURRENT_TIMESTAMP, 
	"UPDATED_AT" TIMESTAMP (6) DEFAULT CURRENT_TIMESTAMP, 
	"CUSTODIAN_ID" NUMBER, 
	 CONSTRAINT "CHK_ASSET_CERTIFIED" CHECK (IS_CERTIFIED IN (0, 1)) ENABLE, 
	 CONSTRAINT "CHK_ASSET_DELETED" CHECK (IS_DELETED   IN (0, 1)) ENABLE, 
	 CONSTRAINT "PK_ASSETS" PRIMARY KEY ("ID")
  USING INDEX PCTFREE 10 INITRANS 2 MAXTRANS 255 COMPUTE STATISTICS 
  STORAGE(INITIAL 65536 NEXT 1048576 MINEXTENTS 1 MAXEXTENTS 2147483645
  PCTINCREASE 0 FREELISTS 1 FREELIST GROUPS 1 BUFFER_POOL DEFAULT FLASH_CACHE DEFAULT CELL_FLASH_CACHE DEFAULT)
  TABLESPACE "SYSTEM"  ENABLE, 
	 CONSTRAINT "UQ_ASSETS_ASSET_ID" UNIQUE ("ASSET_ID")
  USING INDEX PCTFREE 10 INITRANS 2 MAXTRANS 255 COMPUTE STATISTICS 
  STORAGE(INITIAL 65536 NEXT 1048576 MINEXTENTS 1 MAXEXTENTS 2147483645
  PCTINCREASE 0 FREELISTS 1 FREELIST GROUPS 1 BUFFER_POOL DEFAULT FLASH_CACHE DEFAULT CELL_FLASH_CACHE DEFAULT)
  TABLESPACE "SYSTEM"  ENABLE, 
	 CONSTRAINT "UQ_ASSETS_QRCODE" UNIQUE ("QR_CODE")
  USING INDEX PCTFREE 10 INITRANS 2 MAXTRANS 255 COMPUTE STATISTICS 
  STORAGE(INITIAL 65536 NEXT 1048576 MINEXTENTS 1 MAXEXTENTS 2147483645
  PCTINCREASE 0 FREELISTS 1 FREELIST GROUPS 1 BUFFER_POOL DEFAULT FLASH_CACHE DEFAULT CELL_FLASH_CACHE DEFAULT)
  TABLESPACE "SYSTEM"  ENABLE, 
	 CONSTRAINT "FK_ASSET_CATEGORY" FOREIGN KEY ("CATEGORY_ID")
	  REFERENCES "RICO"."TBL_CATEGORIES" ("CATEGORY_ID") ENABLE, 
	 CONSTRAINT "FK_ASSET_DEPARTMENT" FOREIGN KEY ("DEPARTMENT_ID")
	  REFERENCES "RICO"."TBL_DEPARTMENTS" ("DEPARTMENT_ID") ENABLE, 
	 CONSTRAINT "FK_ASSET_ITEM_TYPE" FOREIGN KEY ("ITEM_TYPE_ID")
	  REFERENCES "RICO"."TBL_ITEM_TYPES" ("ITEM_TYPE_ID") ENABLE, 
	 CONSTRAINT "FK_ASSET_CUSTODIAN" FOREIGN KEY ("CUSTODIAN_ID")
	  REFERENCES "RICO"."TBL_CUSTODIANS" ("CUSTODIAN_ID") ON DELETE SET NULL ENABLE
   ) SEGMENT CREATION IMMEDIATE 
  PCTFREE 10 PCTUSED 40 INITRANS 1 MAXTRANS 255 NOCOMPRESS LOGGING
  STORAGE(INITIAL 65536 NEXT 1048576 MINEXTENTS 1 MAXEXTENTS 2147483645
  PCTINCREASE 0 FREELISTS 1 FREELIST GROUPS 1 BUFFER_POOL DEFAULT FLASH_CACHE DEFAULT CELL_FLASH_CACHE DEFAULT)
  TABLESPACE "SYSTEM"
--------------------------------------------------------
--  DDL for Table TBL_AUDIT_LOGS
--------------------------------------------------------

  CREATE TABLE "RICO"."TBL_AUDIT_LOGS" 
   (	"LOG_ID" NUMBER NOT NULL ENABLE, 
	"ACTION_TYPE" VARCHAR2(50) NOT NULL ENABLE, 
	"MODULE" VARCHAR2(50) NOT NULL ENABLE, 
	"PERFORMED_BY" VARCHAR2(150) NOT NULL ENABLE, 
	"USER_ROLE" VARCHAR2(20) DEFAULT 'Staff', 
	"DESCRIPTION" VARCHAR2(1000) NOT NULL ENABLE, 
	"IP_ADDRESS" VARCHAR2(45), 
	"REFERENCE_ID" VARCHAR2(100), 
	"CREATED_AT" TIMESTAMP (6) DEFAULT CURRENT_TIMESTAMP, 
	 CONSTRAINT "PK_AUDIT_LOGS" PRIMARY KEY ("LOG_ID")
  USING INDEX PCTFREE 10 INITRANS 2 MAXTRANS 255 COMPUTE STATISTICS 
  STORAGE(INITIAL 65536 NEXT 1048576 MINEXTENTS 1 MAXEXTENTS 2147483645
  PCTINCREASE 0 FREELISTS 1 FREELIST GROUPS 1 BUFFER_POOL DEFAULT FLASH_CACHE DEFAULT CELL_FLASH_CACHE DEFAULT)
  TABLESPACE "SYSTEM"  ENABLE
   ) SEGMENT CREATION IMMEDIATE 
  PCTFREE 10 PCTUSED 40 INITRANS 1 MAXTRANS 255 NOCOMPRESS LOGGING
  STORAGE(INITIAL 65536 NEXT 1048576 MINEXTENTS 1 MAXEXTENTS 2147483645
  PCTINCREASE 0 FREELISTS 1 FREELIST GROUPS 1 BUFFER_POOL DEFAULT FLASH_CACHE DEFAULT CELL_FLASH_CACHE DEFAULT)
  TABLESPACE "SYSTEM"
--------------------------------------------------------
--  DDL for Table TBL_BORROWS
--------------------------------------------------------

  CREATE TABLE "RICO"."TBL_BORROWS" 
   (	"BORROW_ID" NUMBER, 
	"ASSET_ID" VARCHAR2(50) NOT NULL ENABLE, 
	"DEPARTMENT_ID" NUMBER NOT NULL ENABLE, 
	"FIRST_NAME" VARCHAR2(100) NOT NULL ENABLE, 
	"MIDDLE_NAME" VARCHAR2(100), 
	"LAST_NAME" VARCHAR2(100) NOT NULL ENABLE, 
	"SUFFIX" VARCHAR2(20), 
	"BORROW_DATE" VARCHAR2(20) NOT NULL ENABLE, 
	"DUE_DATE" VARCHAR2(20) NOT NULL ENABLE, 
	"RETURN_DATE" VARCHAR2(20), 
	"PURPOSE" VARCHAR2(255), 
	"STATUS" VARCHAR2(20) DEFAULT 'Pending', 
	"REMARKS" VARCHAR2(255), 
	"CREATED_AT" TIMESTAMP (6) DEFAULT CURRENT_TIMESTAMP, 
	"UPDATED_AT" TIMESTAMP (6) DEFAULT CURRENT_TIMESTAMP, 
	 CONSTRAINT "CHK_BORROW_STATUS" CHECK (STATUS IN ('Pending','Borrowed','Returned','Overdue','Cancelled')) ENABLE, 
	 CONSTRAINT "PK_BORROWS" PRIMARY KEY ("BORROW_ID")
  USING INDEX PCTFREE 10 INITRANS 2 MAXTRANS 255 COMPUTE STATISTICS 
  STORAGE(INITIAL 65536 NEXT 1048576 MINEXTENTS 1 MAXEXTENTS 2147483645
  PCTINCREASE 0 FREELISTS 1 FREELIST GROUPS 1 BUFFER_POOL DEFAULT FLASH_CACHE DEFAULT CELL_FLASH_CACHE DEFAULT)
  TABLESPACE "SYSTEM"  ENABLE, 
	 CONSTRAINT "FK_BORROW_DEPT" FOREIGN KEY ("DEPARTMENT_ID")
	  REFERENCES "RICO"."TBL_DEPARTMENTS" ("DEPARTMENT_ID") ENABLE, 
	 CONSTRAINT "FK_BORROW_ASSET" FOREIGN KEY ("ASSET_ID")
	  REFERENCES "RICO"."TBL_ASSETS" ("ASSET_ID") ON DELETE CASCADE ENABLE
   ) SEGMENT CREATION IMMEDIATE 
  PCTFREE 10 PCTUSED 40 INITRANS 1 MAXTRANS 255 NOCOMPRESS LOGGING
  STORAGE(INITIAL 65536 NEXT 1048576 MINEXTENTS 1 MAXEXTENTS 2147483645
  PCTINCREASE 0 FREELISTS 1 FREELIST GROUPS 1 BUFFER_POOL DEFAULT FLASH_CACHE DEFAULT CELL_FLASH_CACHE DEFAULT)
  TABLESPACE "SYSTEM"
--------------------------------------------------------
--  DDL for Table TBL_CATEGORIES
--------------------------------------------------------

  CREATE TABLE "RICO"."TBL_CATEGORIES" 
   (	"CATEGORY_ID" NUMBER, 
	"CATEGORY_NAME" VARCHAR2(100) NOT NULL ENABLE, 
	"CREATED_AT" TIMESTAMP (6) DEFAULT CURRENT_TIMESTAMP, 
	 CONSTRAINT "PK_CATEGORIES" PRIMARY KEY ("CATEGORY_ID")
  USING INDEX PCTFREE 10 INITRANS 2 MAXTRANS 255 COMPUTE STATISTICS 
  STORAGE(INITIAL 65536 NEXT 1048576 MINEXTENTS 1 MAXEXTENTS 2147483645
  PCTINCREASE 0 FREELISTS 1 FREELIST GROUPS 1 BUFFER_POOL DEFAULT FLASH_CACHE DEFAULT CELL_FLASH_CACHE DEFAULT)
  TABLESPACE "SYSTEM"  ENABLE
   ) SEGMENT CREATION IMMEDIATE 
  PCTFREE 10 PCTUSED 40 INITRANS 1 MAXTRANS 255 NOCOMPRESS LOGGING
  STORAGE(INITIAL 65536 NEXT 1048576 MINEXTENTS 1 MAXEXTENTS 2147483645
  PCTINCREASE 0 FREELISTS 1 FREELIST GROUPS 1 BUFFER_POOL DEFAULT FLASH_CACHE DEFAULT CELL_FLASH_CACHE DEFAULT)
  TABLESPACE "SYSTEM"
--------------------------------------------------------
--  DDL for Table TBL_CUSTODIANS
--------------------------------------------------------

  CREATE TABLE "RICO"."TBL_CUSTODIANS" 
   (	"CUSTODIAN_ID" NUMBER, 
	"DEPARTMENT_ID" NUMBER NOT NULL ENABLE, 
	"FIRST_NAME" VARCHAR2(100) NOT NULL ENABLE, 
	"MIDDLE_NAME" VARCHAR2(100), 
	"LAST_NAME" VARCHAR2(100) NOT NULL ENABLE, 
	"SUFFIX" VARCHAR2(20), 
	"EMPLOYEE_ID" VARCHAR2(50), 
	"EMAIL" VARCHAR2(150), 
	"PHONE" VARCHAR2(30), 
	"STATUS" VARCHAR2(20) DEFAULT 'Active' NOT NULL ENABLE, 
	"CREATED_AT" TIMESTAMP (6) DEFAULT CURRENT_TIMESTAMP NOT NULL ENABLE, 
	 CONSTRAINT "PK_CUSTODIANS" PRIMARY KEY ("CUSTODIAN_ID")
  USING INDEX PCTFREE 10 INITRANS 2 MAXTRANS 255 COMPUTE STATISTICS 
  STORAGE(INITIAL 65536 NEXT 1048576 MINEXTENTS 1 MAXEXTENTS 2147483645
  PCTINCREASE 0 FREELISTS 1 FREELIST GROUPS 1 BUFFER_POOL DEFAULT FLASH_CACHE DEFAULT CELL_FLASH_CACHE DEFAULT)
  TABLESPACE "SYSTEM"  ENABLE, 
	 CONSTRAINT "FK_CUST_DEPT" FOREIGN KEY ("DEPARTMENT_ID")
	  REFERENCES "RICO"."TBL_DEPARTMENTS" ("DEPARTMENT_ID") ENABLE
   ) SEGMENT CREATION IMMEDIATE 
  PCTFREE 10 PCTUSED 40 INITRANS 1 MAXTRANS 255 NOCOMPRESS LOGGING
  STORAGE(INITIAL 65536 NEXT 1048576 MINEXTENTS 1 MAXEXTENTS 2147483645
  PCTINCREASE 0 FREELISTS 1 FREELIST GROUPS 1 BUFFER_POOL DEFAULT FLASH_CACHE DEFAULT CELL_FLASH_CACHE DEFAULT)
  TABLESPACE "SYSTEM"
--------------------------------------------------------
--  DDL for Table TBL_DELETION_REQUESTS
--------------------------------------------------------

  CREATE TABLE "RICO"."TBL_DELETION_REQUESTS" 
   (	"REQUEST_ID" NUMBER NOT NULL ENABLE, 
	"ASSET_ID" VARCHAR2(50) NOT NULL ENABLE, 
	"REQUESTED_BY" VARCHAR2(100) NOT NULL ENABLE, 
	"REASON" VARCHAR2(500) NOT NULL ENABLE, 
	"STATUS" VARCHAR2(20) DEFAULT 'Pending', 
	"REVIEWED_BY" VARCHAR2(100), 
	"REVIEWED_AT" TIMESTAMP (6), 
	"CREATED_AT" TIMESTAMP (6) DEFAULT CURRENT_TIMESTAMP, 
	 CONSTRAINT "CHK_DELREQ_STATUS" CHECK (STATUS IN ('Pending','Approved','Rejected')) ENABLE, 
	 CONSTRAINT "PK_DELETION_REQUESTS" PRIMARY KEY ("REQUEST_ID")
  USING INDEX PCTFREE 10 INITRANS 2 MAXTRANS 255 COMPUTE STATISTICS 
  STORAGE(INITIAL 65536 NEXT 1048576 MINEXTENTS 1 MAXEXTENTS 2147483645
  PCTINCREASE 0 FREELISTS 1 FREELIST GROUPS 1 BUFFER_POOL DEFAULT FLASH_CACHE DEFAULT CELL_FLASH_CACHE DEFAULT)
  TABLESPACE "SYSTEM"  ENABLE, 
	 CONSTRAINT "FK_DELREQ_ASSET" FOREIGN KEY ("ASSET_ID")
	  REFERENCES "RICO"."TBL_ASSETS" ("ASSET_ID") ON DELETE CASCADE ENABLE
   ) SEGMENT CREATION IMMEDIATE 
  PCTFREE 10 PCTUSED 40 INITRANS 1 MAXTRANS 255 NOCOMPRESS LOGGING
  STORAGE(INITIAL 65536 NEXT 1048576 MINEXTENTS 1 MAXEXTENTS 2147483645
  PCTINCREASE 0 FREELISTS 1 FREELIST GROUPS 1 BUFFER_POOL DEFAULT FLASH_CACHE DEFAULT CELL_FLASH_CACHE DEFAULT)
  TABLESPACE "SYSTEM"
--------------------------------------------------------
--  DDL for Table TBL_DEPARTMENTS
--------------------------------------------------------

  CREATE TABLE "RICO"."TBL_DEPARTMENTS" 
   (	"DEPARTMENT_ID" NUMBER, 
	"DEPARTMENT_NAME" VARCHAR2(100) NOT NULL ENABLE, 
	"CREATED_AT" TIMESTAMP (6) DEFAULT CURRENT_TIMESTAMP, 
	"BUILDING" VARCHAR2(150), 
	"DEPARTMENT_HEAD" VARCHAR2(200), 
	"STATUS" VARCHAR2(20) DEFAULT 'Active', 
	 CONSTRAINT "PK_DEPARTMENTS" PRIMARY KEY ("DEPARTMENT_ID")
  USING INDEX PCTFREE 10 INITRANS 2 MAXTRANS 255 COMPUTE STATISTICS 
  STORAGE(INITIAL 65536 NEXT 1048576 MINEXTENTS 1 MAXEXTENTS 2147483645
  PCTINCREASE 0 FREELISTS 1 FREELIST GROUPS 1 BUFFER_POOL DEFAULT FLASH_CACHE DEFAULT CELL_FLASH_CACHE DEFAULT)
  TABLESPACE "SYSTEM"  ENABLE
   ) SEGMENT CREATION IMMEDIATE 
  PCTFREE 10 PCTUSED 40 INITRANS 1 MAXTRANS 255 NOCOMPRESS LOGGING
  STORAGE(INITIAL 65536 NEXT 1048576 MINEXTENTS 1 MAXEXTENTS 2147483645
  PCTINCREASE 0 FREELISTS 1 FREELIST GROUPS 1 BUFFER_POOL DEFAULT FLASH_CACHE DEFAULT CELL_FLASH_CACHE DEFAULT)
  TABLESPACE "SYSTEM"
--------------------------------------------------------
--  DDL for Table TBL_ITEM_TYPES
--------------------------------------------------------

  CREATE TABLE "RICO"."TBL_ITEM_TYPES" 
   (	"ITEM_TYPE_ID" NUMBER, 
	"ITEM_TYPE_NAME" VARCHAR2(100) NOT NULL ENABLE, 
	"ITEM_TYPE_CODE" VARCHAR2(10) NOT NULL ENABLE, 
	 CONSTRAINT "PK_ITEM_TYPES" PRIMARY KEY ("ITEM_TYPE_ID")
  USING INDEX PCTFREE 10 INITRANS 2 MAXTRANS 255 COMPUTE STATISTICS 
  STORAGE(INITIAL 65536 NEXT 1048576 MINEXTENTS 1 MAXEXTENTS 2147483645
  PCTINCREASE 0 FREELISTS 1 FREELIST GROUPS 1 BUFFER_POOL DEFAULT FLASH_CACHE DEFAULT CELL_FLASH_CACHE DEFAULT)
  TABLESPACE "SYSTEM"  ENABLE
   ) SEGMENT CREATION IMMEDIATE 
  PCTFREE 10 PCTUSED 40 INITRANS 1 MAXTRANS 255 NOCOMPRESS LOGGING
  STORAGE(INITIAL 65536 NEXT 1048576 MINEXTENTS 1 MAXEXTENTS 2147483645
  PCTINCREASE 0 FREELISTS 1 FREELIST GROUPS 1 BUFFER_POOL DEFAULT FLASH_CACHE DEFAULT CELL_FLASH_CACHE DEFAULT)
  TABLESPACE "SYSTEM"
--------------------------------------------------------
--  DDL for Table TBL_MAINTENANCE
--------------------------------------------------------

  CREATE TABLE "RICO"."TBL_MAINTENANCE" 
   (	"MAINTENANCE_ID" NUMBER, 
	"ASSET_ID" VARCHAR2(50) NOT NULL ENABLE, 
	"TYPE_ID" NUMBER NOT NULL ENABLE, 
	"ISSUE_DESCRIPTION" VARCHAR2(255) NOT NULL ENABLE, 
	"TECH_FIRST_NAME" VARCHAR2(100) NOT NULL ENABLE, 
	"TECH_MIDDLE_NAME" VARCHAR2(100), 
	"TECH_LAST_NAME" VARCHAR2(100) NOT NULL ENABLE, 
	"TECH_SUFFIX" VARCHAR2(20), 
	"SCHEDULED_DATE" VARCHAR2(20) NOT NULL ENABLE, 
	"COMPLETED_DATE" VARCHAR2(20), 
	"NOTES" VARCHAR2(500), 
	"STATUS" VARCHAR2(20) DEFAULT 'Pending', 
	"CREATED_AT" TIMESTAMP (6) DEFAULT CURRENT_TIMESTAMP, 
	"UPDATED_AT" TIMESTAMP (6) DEFAULT CURRENT_TIMESTAMP, 
	 CONSTRAINT "CHK_MAINT_STATUS" CHECK (STATUS IN ('Pending','In Progress','Completed','Cancelled')) ENABLE, 
	 CONSTRAINT "PK_MAINTENANCE" PRIMARY KEY ("MAINTENANCE_ID")
  USING INDEX PCTFREE 10 INITRANS 2 MAXTRANS 255 COMPUTE STATISTICS 
  STORAGE(INITIAL 65536 NEXT 1048576 MINEXTENTS 1 MAXEXTENTS 2147483645
  PCTINCREASE 0 FREELISTS 1 FREELIST GROUPS 1 BUFFER_POOL DEFAULT FLASH_CACHE DEFAULT CELL_FLASH_CACHE DEFAULT)
  TABLESPACE "SYSTEM"  ENABLE, 
	 CONSTRAINT "FK_MAINT_ASSET" FOREIGN KEY ("ASSET_ID")
	  REFERENCES "RICO"."TBL_ASSETS" ("ASSET_ID") ENABLE, 
	 CONSTRAINT "FK_MAINT_TYPE" FOREIGN KEY ("TYPE_ID")
	  REFERENCES "RICO"."TBL_MAINTENANCE_TYPES" ("TYPE_ID") ENABLE
   ) SEGMENT CREATION IMMEDIATE 
  PCTFREE 10 PCTUSED 40 INITRANS 1 MAXTRANS 255 NOCOMPRESS LOGGING
  STORAGE(INITIAL 65536 NEXT 1048576 MINEXTENTS 1 MAXEXTENTS 2147483645
  PCTINCREASE 0 FREELISTS 1 FREELIST GROUPS 1 BUFFER_POOL DEFAULT FLASH_CACHE DEFAULT CELL_FLASH_CACHE DEFAULT)
  TABLESPACE "SYSTEM"
--------------------------------------------------------
--  DDL for Table TBL_MAINTENANCE_TYPES
--------------------------------------------------------

  CREATE TABLE "RICO"."TBL_MAINTENANCE_TYPES" 
   (	"TYPE_ID" NUMBER, 
	"TYPE_NAME" VARCHAR2(100) NOT NULL ENABLE, 
	 CONSTRAINT "PK_MAINTENANCE_TYPES" PRIMARY KEY ("TYPE_ID")
  USING INDEX PCTFREE 10 INITRANS 2 MAXTRANS 255 COMPUTE STATISTICS 
  STORAGE(INITIAL 65536 NEXT 1048576 MINEXTENTS 1 MAXEXTENTS 2147483645
  PCTINCREASE 0 FREELISTS 1 FREELIST GROUPS 1 BUFFER_POOL DEFAULT FLASH_CACHE DEFAULT CELL_FLASH_CACHE DEFAULT)
  TABLESPACE "SYSTEM"  ENABLE
   ) SEGMENT CREATION IMMEDIATE 
  PCTFREE 10 PCTUSED 40 INITRANS 1 MAXTRANS 255 NOCOMPRESS LOGGING
  STORAGE(INITIAL 65536 NEXT 1048576 MINEXTENTS 1 MAXEXTENTS 2147483645
  PCTINCREASE 0 FREELISTS 1 FREELIST GROUPS 1 BUFFER_POOL DEFAULT FLASH_CACHE DEFAULT CELL_FLASH_CACHE DEFAULT)
  TABLESPACE "SYSTEM"
--------------------------------------------------------
--  DDL for Table TBL_NOTIFICATIONS
--------------------------------------------------------

  CREATE TABLE "RICO"."TBL_NOTIFICATIONS" 
   (	"NOTIFICATION_ID" NUMBER(11,0), 
	"USER_ID" NUMBER(11,0) NOT NULL ENABLE, 
	"TITLE" VARCHAR2(255) NOT NULL ENABLE, 
	"MESSAGE" CLOB NOT NULL ENABLE, 
	"TYPE" VARCHAR2(50) NOT NULL ENABLE, 
	"PRIORITY" VARCHAR2(20) DEFAULT 'normal', 
	"IS_READ" NUMBER(1,0) DEFAULT 0, 
	"RELATED_ENTITY_TYPE" VARCHAR2(50), 
	"RELATED_ENTITY_ID" NUMBER(11,0), 
	"ACTION_URL" VARCHAR2(500), 
	"CREATED_AT" TIMESTAMP (6) DEFAULT CURRENT_TIMESTAMP, 
	"EXPIRES_AT" TIMESTAMP (6), 
	 PRIMARY KEY ("NOTIFICATION_ID")
  USING INDEX PCTFREE 10 INITRANS 2 MAXTRANS 255 
  STORAGE(INITIAL 65536 NEXT 1048576 MINEXTENTS 1 MAXEXTENTS 2147483645
  PCTINCREASE 0 FREELISTS 1 FREELIST GROUPS 1 BUFFER_POOL DEFAULT FLASH_CACHE DEFAULT CELL_FLASH_CACHE DEFAULT)
  TABLESPACE "SYSTEM"  ENABLE, 
	 FOREIGN KEY ("USER_ID")
	  REFERENCES "RICO"."USERS" ("USER_ID") ENABLE
   ) SEGMENT CREATION IMMEDIATE 
  PCTFREE 10 PCTUSED 40 INITRANS 1 MAXTRANS 255 NOCOMPRESS LOGGING
  STORAGE(INITIAL 65536 NEXT 1048576 MINEXTENTS 1 MAXEXTENTS 2147483645
  PCTINCREASE 0 FREELISTS 1 FREELIST GROUPS 1 BUFFER_POOL DEFAULT FLASH_CACHE DEFAULT CELL_FLASH_CACHE DEFAULT)
  TABLESPACE "SYSTEM" 
 LOB ("MESSAGE") STORE AS BASICFILE (
  TABLESPACE "SYSTEM" ENABLE STORAGE IN ROW CHUNK 8192 RETENTION 
  NOCACHE LOGGING 
  STORAGE(INITIAL 65536 NEXT 1048576 MINEXTENTS 1 MAXEXTENTS 2147483645
  PCTINCREASE 0 FREELISTS 1 FREELIST GROUPS 1 BUFFER_POOL DEFAULT FLASH_CACHE DEFAULT CELL_FLASH_CACHE DEFAULT))
--------------------------------------------------------
--  DDL for Table TBL_REPORTS
--------------------------------------------------------

  CREATE TABLE "RICO"."TBL_REPORTS" 
   (	"REPORT_ID" NUMBER, 
	"REPORT_NAME" VARCHAR2(150) NOT NULL ENABLE, 
	"REPORT_TYPE" VARCHAR2(100) NOT NULL ENABLE, 
	"GENERATED_BY" VARCHAR2(100), 
	"GENERATED_AT" TIMESTAMP (6) DEFAULT CURRENT_TIMESTAMP, 
	"FORMAT" VARCHAR2(10) DEFAULT 'PDF', 
	"FILE_URL" VARCHAR2(500), 
	"GENERATED_BY_ROLE" VARCHAR2(20) DEFAULT 'Staff', 
	 CONSTRAINT "PK_REPORTS" PRIMARY KEY ("REPORT_ID")
  USING INDEX PCTFREE 10 INITRANS 2 MAXTRANS 255 COMPUTE STATISTICS 
  STORAGE(INITIAL 65536 NEXT 1048576 MINEXTENTS 1 MAXEXTENTS 2147483645
  PCTINCREASE 0 FREELISTS 1 FREELIST GROUPS 1 BUFFER_POOL DEFAULT FLASH_CACHE DEFAULT CELL_FLASH_CACHE DEFAULT)
  TABLESPACE "SYSTEM"  ENABLE
   ) SEGMENT CREATION IMMEDIATE 
  PCTFREE 10 PCTUSED 40 INITRANS 1 MAXTRANS 255 NOCOMPRESS LOGGING
  STORAGE(INITIAL 65536 NEXT 1048576 MINEXTENTS 1 MAXEXTENTS 2147483645
  PCTINCREASE 0 FREELISTS 1 FREELIST GROUPS 1 BUFFER_POOL DEFAULT FLASH_CACHE DEFAULT CELL_FLASH_CACHE DEFAULT)
  TABLESPACE "SYSTEM"
--------------------------------------------------------
--  DDL for Table TBL_SCHEDULED_REPORTS
--------------------------------------------------------

  CREATE TABLE "RICO"."TBL_SCHEDULED_REPORTS" 
   (	"SCHEDULE_ID" NUMBER, 
	"SCHEDULE_NAME" VARCHAR2(150) NOT NULL ENABLE, 
	"REPORT_TYPE" VARCHAR2(100) NOT NULL ENABLE, 
	"FREQUENCY" VARCHAR2(20) NOT NULL ENABLE, 
	"START_DATE" VARCHAR2(10) NOT NULL ENABLE, 
	"NEXT_RUN_DATE" VARCHAR2(10), 
	"CREATED_BY" VARCHAR2(100), 
	"CREATED_AT" TIMESTAMP (6) DEFAULT CURRENT_TIMESTAMP, 
	"IS_ACTIVE" NUMBER(1,0) DEFAULT 1, 
	"RUN_TIME" VARCHAR2(5) DEFAULT '08:00' NOT NULL ENABLE, 
	"CREATED_BY_ROLE" VARCHAR2(20) DEFAULT 'Staff', 
	 CONSTRAINT "PK_SCHEDULED_REPORTS" PRIMARY KEY ("SCHEDULE_ID")
  USING INDEX PCTFREE 10 INITRANS 2 MAXTRANS 255 COMPUTE STATISTICS 
  STORAGE(INITIAL 65536 NEXT 1048576 MINEXTENTS 1 MAXEXTENTS 2147483645
  PCTINCREASE 0 FREELISTS 1 FREELIST GROUPS 1 BUFFER_POOL DEFAULT FLASH_CACHE DEFAULT CELL_FLASH_CACHE DEFAULT)
  TABLESPACE "SYSTEM"  ENABLE
   ) SEGMENT CREATION IMMEDIATE 
  PCTFREE 10 PCTUSED 40 INITRANS 1 MAXTRANS 255 NOCOMPRESS LOGGING
  STORAGE(INITIAL 65536 NEXT 1048576 MINEXTENTS 1 MAXEXTENTS 2147483645
  PCTINCREASE 0 FREELISTS 1 FREELIST GROUPS 1 BUFFER_POOL DEFAULT FLASH_CACHE DEFAULT CELL_FLASH_CACHE DEFAULT)
  TABLESPACE "SYSTEM"
--------------------------------------------------------
--  DDL for Table USERS
--------------------------------------------------------

  CREATE TABLE "RICO"."USERS" 
   (	"USER_ID" NUMBER(11,0), 
	"FULL_NAME" VARCHAR2(255) NOT NULL ENABLE, 
	"EMAIL" VARCHAR2(255) NOT NULL ENABLE, 
	"DEPARTMENT" VARCHAR2(255) NOT NULL ENABLE, 
	"EMPLOYEE_ID" VARCHAR2(100) NOT NULL ENABLE, 
	"PASSWORD" VARCHAR2(255) NOT NULL ENABLE, 
	"IS_VERIFIED" NUMBER(1,0) DEFAULT 0, 
	"CREATED_AT" TIMESTAMP (6) DEFAULT CURRENT_TIMESTAMP, 
	"UPDATED_AT" TIMESTAMP (6) DEFAULT CURRENT_TIMESTAMP, 
	"OTP_CODE" VARCHAR2(255), 
	"OTP_EXPIRES_AT" TIMESTAMP (6), 
	"ROLE" VARCHAR2(10) DEFAULT 'Staff' NOT NULL ENABLE, 
	 CONSTRAINT "CHK_USER_ROLE" CHECK (ROLE IN ('Staff', 'Admin')) ENABLE, 
	 CONSTRAINT "PK_USERS" PRIMARY KEY ("USER_ID")
  USING INDEX PCTFREE 10 INITRANS 2 MAXTRANS 255 COMPUTE STATISTICS 
  STORAGE(INITIAL 65536 NEXT 1048576 MINEXTENTS 1 MAXEXTENTS 2147483645
  PCTINCREASE 0 FREELISTS 1 FREELIST GROUPS 1 BUFFER_POOL DEFAULT FLASH_CACHE DEFAULT CELL_FLASH_CACHE DEFAULT)
  TABLESPACE "SYSTEM"  ENABLE, 
	 CONSTRAINT "UQ_USER_EMAIL" UNIQUE ("EMAIL")
  USING INDEX PCTFREE 10 INITRANS 2 MAXTRANS 255 COMPUTE STATISTICS 
  STORAGE(INITIAL 65536 NEXT 1048576 MINEXTENTS 1 MAXEXTENTS 2147483645
  PCTINCREASE 0 FREELISTS 1 FREELIST GROUPS 1 BUFFER_POOL DEFAULT FLASH_CACHE DEFAULT CELL_FLASH_CACHE DEFAULT)
  TABLESPACE "SYSTEM"  ENABLE, 
	 CONSTRAINT "UQ_USER_EMP_ID" UNIQUE ("EMPLOYEE_ID")
  USING INDEX PCTFREE 10 INITRANS 2 MAXTRANS 255 COMPUTE STATISTICS 
  STORAGE(INITIAL 65536 NEXT 1048576 MINEXTENTS 1 MAXEXTENTS 2147483645
  PCTINCREASE 0 FREELISTS 1 FREELIST GROUPS 1 BUFFER_POOL DEFAULT FLASH_CACHE DEFAULT CELL_FLASH_CACHE DEFAULT)
  TABLESPACE "SYSTEM"  ENABLE
   ) SEGMENT CREATION IMMEDIATE 
  PCTFREE 10 PCTUSED 40 INITRANS 1 MAXTRANS 255 NOCOMPRESS LOGGING
  STORAGE(INITIAL 65536 NEXT 1048576 MINEXTENTS 1 MAXEXTENTS 2147483645
  PCTINCREASE 0 FREELISTS 1 FREELIST GROUPS 1 BUFFER_POOL DEFAULT FLASH_CACHE DEFAULT CELL_FLASH_CACHE DEFAULT)
  TABLESPACE "SYSTEM"
REM INSERTING into RICO.PASSWORD_RESETS
SET DEFINE OFF;
REM INSERTING into RICO.REMEMBER_TOKENS
SET DEFINE OFF;
REM INSERTING into RICO.TBL_ASSETS
SET DEFINE OFF;
Insert into RICO.TBL_ASSETS (ID,ASSET_ID,QR_CODE,CATEGORY_ID,DEPARTMENT_ID,ITEM_TYPE_ID,DESCRIPTION,SERIAL_NUMBER,LOCATION,STATUS,IS_CERTIFIED,IS_DELETED,DELETED_AT,DELETED_BY,CREATED_AT,UPDATED_AT,CUSTODIAN_ID) values (44,'AST-COENG-0002-0044','http://localhost/1QCUPROJECT/views/staff/assets.php?asset_id=AST-COENG-0002-0044',41,84,42,'SDFASDF','SN-5523-121','AMOGUS','Available',0,0,null,null,to_timestamp('05/05/2026 10:34:57.012000000 PM','MM/DD/RRRR HH12:MI:SSXFF AM'),to_timestamp('05/05/2026 10:34:57.012000000 PM','MM/DD/RRRR HH12:MI:SSXFF AM'),79);
Insert into RICO.TBL_ASSETS (ID,ASSET_ID,QR_CODE,CATEGORY_ID,DEPARTMENT_ID,ITEM_TYPE_ID,DESCRIPTION,SERIAL_NUMBER,LOCATION,STATUS,IS_CERTIFIED,IS_DELETED,DELETED_AT,DELETED_BY,CREATED_AT,UPDATED_AT,CUSTODIAN_ID) values (42,'AST-CAS-0001-0042','http://localhost/1QCUPROJECT/views/staff/assets.php?asset_id=AST-CAS-0001-0042',43,90,41,'f','124asdasd','asdasd','Available',1,0,null,null,to_timestamp('05/05/2026 10:13:27.910000000 PM','MM/DD/RRRR HH12:MI:SSXFF AM'),to_timestamp('05/05/2026 10:38:12.034000000 PM','MM/DD/RRRR HH12:MI:SSXFF AM'),86);
Insert into RICO.TBL_ASSETS (ID,ASSET_ID,QR_CODE,CATEGORY_ID,DEPARTMENT_ID,ITEM_TYPE_ID,DESCRIPTION,SERIAL_NUMBER,LOCATION,STATUS,IS_CERTIFIED,IS_DELETED,DELETED_AT,DELETED_BY,CREATED_AT,UPDATED_AT,CUSTODIAN_ID) values (45,'AST-COENG-0002-0045','http://localhost/1QCUPROJECT/views/staff/assets.php?asset_id=AST-COENG-0002-0045',41,84,42,'SDFASDF','SN-5523-121','AMOGUS','Available',0,0,null,null,to_timestamp('05/05/2026 10:34:57.016000000 PM','MM/DD/RRRR HH12:MI:SSXFF AM'),to_timestamp('05/05/2026 10:34:57.016000000 PM','MM/DD/RRRR HH12:MI:SSXFF AM'),79);
Insert into RICO.TBL_ASSETS (ID,ASSET_ID,QR_CODE,CATEGORY_ID,DEPARTMENT_ID,ITEM_TYPE_ID,DESCRIPTION,SERIAL_NUMBER,LOCATION,STATUS,IS_CERTIFIED,IS_DELETED,DELETED_AT,DELETED_BY,CREATED_AT,UPDATED_AT,CUSTODIAN_ID) values (46,'AST-COENG-0002-0046','http://localhost/1QCUPROJECT/views/staff/assets.php?asset_id=AST-COENG-0002-0046',41,84,42,'SDFASDF','SN-5523-121','AMOGUS','Available',0,0,null,null,to_timestamp('05/05/2026 10:34:57.018000000 PM','MM/DD/RRRR HH12:MI:SSXFF AM'),to_timestamp('05/05/2026 10:34:57.018000000 PM','MM/DD/RRRR HH12:MI:SSXFF AM'),79);
Insert into RICO.TBL_ASSETS (ID,ASSET_ID,QR_CODE,CATEGORY_ID,DEPARTMENT_ID,ITEM_TYPE_ID,DESCRIPTION,SERIAL_NUMBER,LOCATION,STATUS,IS_CERTIFIED,IS_DELETED,DELETED_AT,DELETED_BY,CREATED_AT,UPDATED_AT,CUSTODIAN_ID) values (47,'AST-COENG-0002-0047','http://localhost/1QCUPROJECT/views/staff/assets.php?asset_id=AST-COENG-0002-0047',41,84,42,'SDFASDF','SN-5523-121','AMOGUS','Available',0,0,null,null,to_timestamp('05/05/2026 10:34:57.022000000 PM','MM/DD/RRRR HH12:MI:SSXFF AM'),to_timestamp('05/05/2026 10:34:57.022000000 PM','MM/DD/RRRR HH12:MI:SSXFF AM'),79);
Insert into RICO.TBL_ASSETS (ID,ASSET_ID,QR_CODE,CATEGORY_ID,DEPARTMENT_ID,ITEM_TYPE_ID,DESCRIPTION,SERIAL_NUMBER,LOCATION,STATUS,IS_CERTIFIED,IS_DELETED,DELETED_AT,DELETED_BY,CREATED_AT,UPDATED_AT,CUSTODIAN_ID) values (48,'AST-COENG-0002-0048','http://localhost/1QCUPROJECT/views/staff/assets.php?asset_id=AST-COENG-0002-0048',41,84,42,'SDFASDF','SN-5523-121','AMOGUS','Available',0,0,null,null,to_timestamp('05/05/2026 10:34:57.026000000 PM','MM/DD/RRRR HH12:MI:SSXFF AM'),to_timestamp('05/05/2026 10:34:57.026000000 PM','MM/DD/RRRR HH12:MI:SSXFF AM'),79);
Insert into RICO.TBL_ASSETS (ID,ASSET_ID,QR_CODE,CATEGORY_ID,DEPARTMENT_ID,ITEM_TYPE_ID,DESCRIPTION,SERIAL_NUMBER,LOCATION,STATUS,IS_CERTIFIED,IS_DELETED,DELETED_AT,DELETED_BY,CREATED_AT,UPDATED_AT,CUSTODIAN_ID) values (49,'AST-COENG-0002-0049','http://localhost/1QCUPROJECT/views/staff/assets.php?asset_id=AST-COENG-0002-0049',41,84,42,'SDFASDF','SN-5523-121','AMOGUS','Available',0,0,null,null,to_timestamp('05/05/2026 10:34:57.031000000 PM','MM/DD/RRRR HH12:MI:SSXFF AM'),to_timestamp('05/05/2026 10:34:57.031000000 PM','MM/DD/RRRR HH12:MI:SSXFF AM'),79);
Insert into RICO.TBL_ASSETS (ID,ASSET_ID,QR_CODE,CATEGORY_ID,DEPARTMENT_ID,ITEM_TYPE_ID,DESCRIPTION,SERIAL_NUMBER,LOCATION,STATUS,IS_CERTIFIED,IS_DELETED,DELETED_AT,DELETED_BY,CREATED_AT,UPDATED_AT,CUSTODIAN_ID) values (50,'AST-COENG-0002-0050','http://localhost/1QCUPROJECT/views/staff/assets.php?asset_id=AST-COENG-0002-0050',41,84,42,'SDFASDF','SN-5523-121','AMOGUS','Available',0,0,null,null,to_timestamp('05/05/2026 10:34:57.046000000 PM','MM/DD/RRRR HH12:MI:SSXFF AM'),to_timestamp('05/05/2026 10:34:57.046000000 PM','MM/DD/RRRR HH12:MI:SSXFF AM'),79);
Insert into RICO.TBL_ASSETS (ID,ASSET_ID,QR_CODE,CATEGORY_ID,DEPARTMENT_ID,ITEM_TYPE_ID,DESCRIPTION,SERIAL_NUMBER,LOCATION,STATUS,IS_CERTIFIED,IS_DELETED,DELETED_AT,DELETED_BY,CREATED_AT,UPDATED_AT,CUSTODIAN_ID) values (52,'AST-COENG-0002-0052','http://localhost/1QCUPROJECT/views/staff/assets.php?asset_id=AST-COENG-0002-0052',41,84,42,'SDFASDF','SN-5523-121','AMOGUS','Maintenance',0,0,null,null,to_timestamp('05/05/2026 10:34:57.051000000 PM','MM/DD/RRRR HH12:MI:SSXFF AM'),to_timestamp('05/05/2026 10:36:44.349000000 PM','MM/DD/RRRR HH12:MI:SSXFF AM'),79);
Insert into RICO.TBL_ASSETS (ID,ASSET_ID,QR_CODE,CATEGORY_ID,DEPARTMENT_ID,ITEM_TYPE_ID,DESCRIPTION,SERIAL_NUMBER,LOCATION,STATUS,IS_CERTIFIED,IS_DELETED,DELETED_AT,DELETED_BY,CREATED_AT,UPDATED_AT,CUSTODIAN_ID) values (53,'AST-COENG-0002-0053','http://localhost/1QCUPROJECT/views/staff/assets.php?asset_id=AST-COENG-0002-0053',41,84,42,'SDFASDF','SN-5523-121','AMOGUS','Available',0,0,null,null,to_timestamp('05/05/2026 10:34:57.055000000 PM','MM/DD/RRRR HH12:MI:SSXFF AM'),to_timestamp('05/05/2026 10:34:57.055000000 PM','MM/DD/RRRR HH12:MI:SSXFF AM'),79);
REM INSERTING into RICO.TBL_AUDIT_LOGS
SET DEFINE OFF;
Insert into RICO.TBL_AUDIT_LOGS (LOG_ID,ACTION_TYPE,MODULE,PERFORMED_BY,USER_ROLE,DESCRIPTION,IP_ADDRESS,REFERENCE_ID,CREATED_AT) values (16,'REPORT_GENERATED','Reports','System Administrator','Admin','Generated: Complete Asset Inventory','127.0.0.1',null,to_timestamp('04/22/2026 11:00:02.493000000 PM','MM/DD/RRRR HH12:MI:SSXFF AM'));
Insert into RICO.TBL_AUDIT_LOGS (LOG_ID,ACTION_TYPE,MODULE,PERFORMED_BY,USER_ROLE,DESCRIPTION,IP_ADDRESS,REFERENCE_ID,CREATED_AT) values (17,'ASSET_ADD','Assets','System Administrator','Admin','Added asset: asdasd','127.0.0.1','AST-CAS-0005-0040',to_timestamp('04/22/2026 11:17:45.562000000 PM','MM/DD/RRRR HH12:MI:SSXFF AM'));
Insert into RICO.TBL_AUDIT_LOGS (LOG_ID,ACTION_TYPE,MODULE,PERFORMED_BY,USER_ROLE,DESCRIPTION,IP_ADDRESS,REFERENCE_ID,CREATED_AT) values (18,'REPORT_GENERATED','Reports','System Administrator','Admin','Generated: Complete Asset Inventory','127.0.0.1',null,to_timestamp('04/22/2026 11:17:59.476000000 PM','MM/DD/RRRR HH12:MI:SSXFF AM'));
Insert into RICO.TBL_AUDIT_LOGS (LOG_ID,ACTION_TYPE,MODULE,PERFORMED_BY,USER_ROLE,DESCRIPTION,IP_ADDRESS,REFERENCE_ID,CREATED_AT) values (19,'REPORT_GENERATED','Reports','System Administrator','Admin','Generated report: Asset Status Report','127.0.0.1',null,to_timestamp('04/22/2026 11:18:10.049000000 PM','MM/DD/RRRR HH12:MI:SSXFF AM'));
Insert into RICO.TBL_AUDIT_LOGS (LOG_ID,ACTION_TYPE,MODULE,PERFORMED_BY,USER_ROLE,DESCRIPTION,IP_ADDRESS,REFERENCE_ID,CREATED_AT) values (20,'REPORT_GENERATED','Reports','System Administrator','Admin','Generated: Asset Status Report','127.0.0.1',null,to_timestamp('04/22/2026 11:18:10.116000000 PM','MM/DD/RRRR HH12:MI:SSXFF AM'));
Insert into RICO.TBL_AUDIT_LOGS (LOG_ID,ACTION_TYPE,MODULE,PERFORMED_BY,USER_ROLE,DESCRIPTION,IP_ADDRESS,REFERENCE_ID,CREATED_AT) values (21,'REPORT_GENERATED','Reports','System Administrator','Admin','Generated report: Certified Assets Report','127.0.0.1',null,to_timestamp('04/22/2026 11:18:17.679000000 PM','MM/DD/RRRR HH12:MI:SSXFF AM'));
Insert into RICO.TBL_AUDIT_LOGS (LOG_ID,ACTION_TYPE,MODULE,PERFORMED_BY,USER_ROLE,DESCRIPTION,IP_ADDRESS,REFERENCE_ID,CREATED_AT) values (22,'REPORT_GENERATED','Reports','System Administrator','Admin','Generated: Certified Assets Report','127.0.0.1',null,to_timestamp('04/22/2026 11:18:17.745000000 PM','MM/DD/RRRR HH12:MI:SSXFF AM'));
Insert into RICO.TBL_AUDIT_LOGS (LOG_ID,ACTION_TYPE,MODULE,PERFORMED_BY,USER_ROLE,DESCRIPTION,IP_ADDRESS,REFERENCE_ID,CREATED_AT) values (23,'REPORT_GENERATED','Reports','System Administrator','Admin','Generated report: Overdue Items Report','127.0.0.1',null,to_timestamp('04/22/2026 11:18:21.284000000 PM','MM/DD/RRRR HH12:MI:SSXFF AM'));
Insert into RICO.TBL_AUDIT_LOGS (LOG_ID,ACTION_TYPE,MODULE,PERFORMED_BY,USER_ROLE,DESCRIPTION,IP_ADDRESS,REFERENCE_ID,CREATED_AT) values (14,'SCHEDULE_CREATE','Reports','System Administrator','Admin','Scheduled: asd (Daily)','127.0.0.1',null,to_timestamp('04/22/2026 10:59:05.693000000 PM','MM/DD/RRRR HH12:MI:SSXFF AM'));
Insert into RICO.TBL_AUDIT_LOGS (LOG_ID,ACTION_TYPE,MODULE,PERFORMED_BY,USER_ROLE,DESCRIPTION,IP_ADDRESS,REFERENCE_ID,CREATED_AT) values (15,'REPORT_GENERATED','Reports','System Administrator','Admin','Scheduled report generated: Complete Asset Inventory (Scheduled)','127.0.0.1',null,to_timestamp('04/22/2026 11:00:01.013000000 PM','MM/DD/RRRR HH12:MI:SSXFF AM'));
Insert into RICO.TBL_AUDIT_LOGS (LOG_ID,ACTION_TYPE,MODULE,PERFORMED_BY,USER_ROLE,DESCRIPTION,IP_ADDRESS,REFERENCE_ID,CREATED_AT) values (24,'REPORT_GENERATED','Reports','System Administrator','Admin','Generated: Overdue Items Report','127.0.0.1',null,to_timestamp('04/22/2026 11:18:21.352000000 PM','MM/DD/RRRR HH12:MI:SSXFF AM'));
Insert into RICO.TBL_AUDIT_LOGS (LOG_ID,ACTION_TYPE,MODULE,PERFORMED_BY,USER_ROLE,DESCRIPTION,IP_ADDRESS,REFERENCE_ID,CREATED_AT) values (25,'REPORT_GENERATED','Reports','System Administrator','Admin','Generated report: Maintenance Report','127.0.0.1',null,to_timestamp('04/22/2026 11:18:25.365000000 PM','MM/DD/RRRR HH12:MI:SSXFF AM'));
Insert into RICO.TBL_AUDIT_LOGS (LOG_ID,ACTION_TYPE,MODULE,PERFORMED_BY,USER_ROLE,DESCRIPTION,IP_ADDRESS,REFERENCE_ID,CREATED_AT) values (26,'REPORT_GENERATED','Reports','System Administrator','Admin','Generated: Maintenance Report','127.0.0.1',null,to_timestamp('04/22/2026 11:18:25.429000000 PM','MM/DD/RRRR HH12:MI:SSXFF AM'));
Insert into RICO.TBL_AUDIT_LOGS (LOG_ID,ACTION_TYPE,MODULE,PERFORMED_BY,USER_ROLE,DESCRIPTION,IP_ADDRESS,REFERENCE_ID,CREATED_AT) values (27,'BORROW','Borrows','System Administrator','Admin','Borrow request created for asset AST-CAS-0005-0040 by ASD, ASD','127.0.0.1','AST-CAS-0005-0040',to_timestamp('04/22/2026 11:19:00.342000000 PM','MM/DD/RRRR HH12:MI:SSXFF AM'));
Insert into RICO.TBL_AUDIT_LOGS (LOG_ID,ACTION_TYPE,MODULE,PERFORMED_BY,USER_ROLE,DESCRIPTION,IP_ADDRESS,REFERENCE_ID,CREATED_AT) values (28,'MAINTENANCE_ADD','Maintenance','System Administrator','Admin','Maintenance scheduled for asset AST-CAS-0005-0040: ASDASD','127.0.0.1','AST-CAS-0005-0040',to_timestamp('04/22/2026 11:20:36.142000000 PM','MM/DD/RRRR HH12:MI:SSXFF AM'));
Insert into RICO.TBL_AUDIT_LOGS (LOG_ID,ACTION_TYPE,MODULE,PERFORMED_BY,USER_ROLE,DESCRIPTION,IP_ADDRESS,REFERENCE_ID,CREATED_AT) values (29,'BORROW','Borrows','System Administrator','Admin','Borrow cancelled','127.0.0.1','8',to_timestamp('04/22/2026 11:21:03.189000000 PM','MM/DD/RRRR HH12:MI:SSXFF AM'));
Insert into RICO.TBL_AUDIT_LOGS (LOG_ID,ACTION_TYPE,MODULE,PERFORMED_BY,USER_ROLE,DESCRIPTION,IP_ADDRESS,REFERENCE_ID,CREATED_AT) values (30,'SCHEDULE_CREATE','Reports','Kurt','Staff','Scheduled: asd (Daily)','127.0.0.1',null,to_timestamp('04/22/2026 11:23:06.577000000 PM','MM/DD/RRRR HH12:MI:SSXFF AM'));
Insert into RICO.TBL_AUDIT_LOGS (LOG_ID,ACTION_TYPE,MODULE,PERFORMED_BY,USER_ROLE,DESCRIPTION,IP_ADDRESS,REFERENCE_ID,CREATED_AT) values (31,'REPORT_GENERATED','Reports','Kurt','Staff','Scheduled report generated: Asset Status Report (Scheduled)','127.0.0.1',null,to_timestamp('04/22/2026 11:23:08.130000000 PM','MM/DD/RRRR HH12:MI:SSXFF AM'));
Insert into RICO.TBL_AUDIT_LOGS (LOG_ID,ACTION_TYPE,MODULE,PERFORMED_BY,USER_ROLE,DESCRIPTION,IP_ADDRESS,REFERENCE_ID,CREATED_AT) values (32,'REPORT_GENERATED','Reports','Kurt','Staff','Generated: Asset Status Report','127.0.0.1',null,to_timestamp('04/22/2026 11:23:09.415000000 PM','MM/DD/RRRR HH12:MI:SSXFF AM'));
Insert into RICO.TBL_AUDIT_LOGS (LOG_ID,ACTION_TYPE,MODULE,PERFORMED_BY,USER_ROLE,DESCRIPTION,IP_ADDRESS,REFERENCE_ID,CREATED_AT) values (33,'REPORT_GENERATED','Reports','Kurt','Staff','Generated report: Asset Status Report','127.0.0.1',null,to_timestamp('04/22/2026 11:23:15.447000000 PM','MM/DD/RRRR HH12:MI:SSXFF AM'));
Insert into RICO.TBL_AUDIT_LOGS (LOG_ID,ACTION_TYPE,MODULE,PERFORMED_BY,USER_ROLE,DESCRIPTION,IP_ADDRESS,REFERENCE_ID,CREATED_AT) values (34,'REPORT_GENERATED','Reports','Kurt','Staff','Generated: Asset Status Report','127.0.0.1',null,to_timestamp('04/22/2026 11:23:15.512000000 PM','MM/DD/RRRR HH12:MI:SSXFF AM'));
Insert into RICO.TBL_AUDIT_LOGS (LOG_ID,ACTION_TYPE,MODULE,PERFORMED_BY,USER_ROLE,DESCRIPTION,IP_ADDRESS,REFERENCE_ID,CREATED_AT) values (35,'REPORT_GENERATED','Reports','Kurt','Staff','Generated report: Certified Assets Report','127.0.0.1',null,to_timestamp('04/22/2026 11:23:18.627000000 PM','MM/DD/RRRR HH12:MI:SSXFF AM'));
Insert into RICO.TBL_AUDIT_LOGS (LOG_ID,ACTION_TYPE,MODULE,PERFORMED_BY,USER_ROLE,DESCRIPTION,IP_ADDRESS,REFERENCE_ID,CREATED_AT) values (36,'REPORT_GENERATED','Reports','Kurt','Staff','Generated: Certified Assets Report','127.0.0.1',null,to_timestamp('04/22/2026 11:23:18.692000000 PM','MM/DD/RRRR HH12:MI:SSXFF AM'));
Insert into RICO.TBL_AUDIT_LOGS (LOG_ID,ACTION_TYPE,MODULE,PERFORMED_BY,USER_ROLE,DESCRIPTION,IP_ADDRESS,REFERENCE_ID,CREATED_AT) values (37,'REPORT_GENERATED','Reports','Kurt','Staff','Generated report: Overdue Items Report','127.0.0.1',null,to_timestamp('04/22/2026 11:23:20.699000000 PM','MM/DD/RRRR HH12:MI:SSXFF AM'));
Insert into RICO.TBL_AUDIT_LOGS (LOG_ID,ACTION_TYPE,MODULE,PERFORMED_BY,USER_ROLE,DESCRIPTION,IP_ADDRESS,REFERENCE_ID,CREATED_AT) values (38,'REPORT_GENERATED','Reports','Kurt','Staff','Generated: Overdue Items Report','127.0.0.1',null,to_timestamp('04/22/2026 11:23:20.764000000 PM','MM/DD/RRRR HH12:MI:SSXFF AM'));
Insert into RICO.TBL_AUDIT_LOGS (LOG_ID,ACTION_TYPE,MODULE,PERFORMED_BY,USER_ROLE,DESCRIPTION,IP_ADDRESS,REFERENCE_ID,CREATED_AT) values (39,'REPORT_GENERATED','Reports','Kurt','Staff','Generated report: Maintenance Report','127.0.0.1',null,to_timestamp('04/22/2026 11:23:22.355000000 PM','MM/DD/RRRR HH12:MI:SSXFF AM'));
Insert into RICO.TBL_AUDIT_LOGS (LOG_ID,ACTION_TYPE,MODULE,PERFORMED_BY,USER_ROLE,DESCRIPTION,IP_ADDRESS,REFERENCE_ID,CREATED_AT) values (40,'REPORT_GENERATED','Reports','Kurt','Staff','Generated: Maintenance Report','127.0.0.1',null,to_timestamp('04/22/2026 11:23:22.420000000 PM','MM/DD/RRRR HH12:MI:SSXFF AM'));
Insert into RICO.TBL_AUDIT_LOGS (LOG_ID,ACTION_TYPE,MODULE,PERFORMED_BY,USER_ROLE,DESCRIPTION,IP_ADDRESS,REFERENCE_ID,CREATED_AT) values (41,'REPORT_GENERATED','Reports','System Administrator','Admin','Scheduled report generated: Complete Asset Inventory (Scheduled)','127.0.0.1',null,to_timestamp('05/05/2026 10:07:39.303000000 PM','MM/DD/RRRR HH12:MI:SSXFF AM'));
Insert into RICO.TBL_AUDIT_LOGS (LOG_ID,ACTION_TYPE,MODULE,PERFORMED_BY,USER_ROLE,DESCRIPTION,IP_ADDRESS,REFERENCE_ID,CREATED_AT) values (42,'REPORT_GENERATED','Reports','System Administrator','Admin','Scheduled report generated: Asset Status Report (Scheduled)','127.0.0.1',null,to_timestamp('05/05/2026 10:07:39.376000000 PM','MM/DD/RRRR HH12:MI:SSXFF AM'));
Insert into RICO.TBL_AUDIT_LOGS (LOG_ID,ACTION_TYPE,MODULE,PERFORMED_BY,USER_ROLE,DESCRIPTION,IP_ADDRESS,REFERENCE_ID,CREATED_AT) values (43,'REPORT_GENERATED','Reports','System Administrator','Admin','Scheduled report generated: Complete Asset Inventory (Scheduled)','127.0.0.1',null,to_timestamp('05/05/2026 10:07:41.364000000 PM','MM/DD/RRRR HH12:MI:SSXFF AM'));
Insert into RICO.TBL_AUDIT_LOGS (LOG_ID,ACTION_TYPE,MODULE,PERFORMED_BY,USER_ROLE,DESCRIPTION,IP_ADDRESS,REFERENCE_ID,CREATED_AT) values (44,'REPORT_GENERATED','Reports','System Administrator','Admin','Scheduled report generated: Asset Status Report (Scheduled)','127.0.0.1',null,to_timestamp('05/05/2026 10:07:41.428000000 PM','MM/DD/RRRR HH12:MI:SSXFF AM'));
Insert into RICO.TBL_AUDIT_LOGS (LOG_ID,ACTION_TYPE,MODULE,PERFORMED_BY,USER_ROLE,DESCRIPTION,IP_ADDRESS,REFERENCE_ID,CREATED_AT) values (45,'REPORT_GENERATED','Reports','System Administrator','Admin','Generated: Complete Asset Inventory','127.0.0.1',null,to_timestamp('05/05/2026 10:07:44.129000000 PM','MM/DD/RRRR HH12:MI:SSXFF AM'));
Insert into RICO.TBL_AUDIT_LOGS (LOG_ID,ACTION_TYPE,MODULE,PERFORMED_BY,USER_ROLE,DESCRIPTION,IP_ADDRESS,REFERENCE_ID,CREATED_AT) values (46,'ASSET_ADD','Assets','System Administrator','Admin','Added asset: Amogus','127.0.0.1','AST-CCS-0001-0041',to_timestamp('05/05/2026 10:08:30.975000000 PM','MM/DD/RRRR HH12:MI:SSXFF AM'));
Insert into RICO.TBL_AUDIT_LOGS (LOG_ID,ACTION_TYPE,MODULE,PERFORMED_BY,USER_ROLE,DESCRIPTION,IP_ADDRESS,REFERENCE_ID,CREATED_AT) values (47,'ASSET_EDIT','Assets','System Administrator','Admin','Updated asset: AmogusJJ','127.0.0.1','AST-CCS-0001-0041',to_timestamp('05/05/2026 10:08:46.748000000 PM','MM/DD/RRRR HH12:MI:SSXFF AM'));
Insert into RICO.TBL_AUDIT_LOGS (LOG_ID,ACTION_TYPE,MODULE,PERFORMED_BY,USER_ROLE,DESCRIPTION,IP_ADDRESS,REFERENCE_ID,CREATED_AT) values (48,'MAINTENANCE_UPDATE','Maintenance','System Administrator','Admin','Maintenance 7 status set to Cancelled','127.0.0.1','7',to_timestamp('05/05/2026 10:10:47.030000000 PM','MM/DD/RRRR HH12:MI:SSXFF AM'));
Insert into RICO.TBL_AUDIT_LOGS (LOG_ID,ACTION_TYPE,MODULE,PERFORMED_BY,USER_ROLE,DESCRIPTION,IP_ADDRESS,REFERENCE_ID,CREATED_AT) values (49,'ASSET_DELETE','Assets','System Administrator','Admin','Asset permanently deleted (admin direct)','127.0.0.1','AST-CCS-0001-0041',to_timestamp('05/05/2026 10:10:55.309000000 PM','MM/DD/RRRR HH12:MI:SSXFF AM'));
Insert into RICO.TBL_AUDIT_LOGS (LOG_ID,ACTION_TYPE,MODULE,PERFORMED_BY,USER_ROLE,DESCRIPTION,IP_ADDRESS,REFERENCE_ID,CREATED_AT) values (50,'REPORT_GENERATED','Reports','System Administrator','Admin','Scheduled report generated: Complete Asset Inventory (Scheduled)','127.0.0.1',null,to_timestamp('05/05/2026 10:11:10.987000000 PM','MM/DD/RRRR HH12:MI:SSXFF AM'));
Insert into RICO.TBL_AUDIT_LOGS (LOG_ID,ACTION_TYPE,MODULE,PERFORMED_BY,USER_ROLE,DESCRIPTION,IP_ADDRESS,REFERENCE_ID,CREATED_AT) values (51,'REPORT_GENERATED','Reports','System Administrator','Admin','Scheduled report generated: Asset Status Report (Scheduled)','127.0.0.1',null,to_timestamp('05/05/2026 10:11:11.064000000 PM','MM/DD/RRRR HH12:MI:SSXFF AM'));
Insert into RICO.TBL_AUDIT_LOGS (LOG_ID,ACTION_TYPE,MODULE,PERFORMED_BY,USER_ROLE,DESCRIPTION,IP_ADDRESS,REFERENCE_ID,CREATED_AT) values (52,'SCHEDULE_TOGGLE','Reports','System Administrator','Admin','Schedule deactivated.','127.0.0.1','9',to_timestamp('05/05/2026 10:11:15.445000000 PM','MM/DD/RRRR HH12:MI:SSXFF AM'));
Insert into RICO.TBL_AUDIT_LOGS (LOG_ID,ACTION_TYPE,MODULE,PERFORMED_BY,USER_ROLE,DESCRIPTION,IP_ADDRESS,REFERENCE_ID,CREATED_AT) values (53,'SCHEDULE_TOGGLE','Reports','System Administrator','Admin','Schedule deactivated.','127.0.0.1','8',to_timestamp('05/05/2026 10:11:16.075000000 PM','MM/DD/RRRR HH12:MI:SSXFF AM'));
Insert into RICO.TBL_AUDIT_LOGS (LOG_ID,ACTION_TYPE,MODULE,PERFORMED_BY,USER_ROLE,DESCRIPTION,IP_ADDRESS,REFERENCE_ID,CREATED_AT) values (54,'ASSET_DELETE','Assets','System Administrator','Admin','Asset permanently deleted (admin direct)','127.0.0.1','AST-CAS-0005-0040',to_timestamp('05/05/2026 10:13:03.049000000 PM','MM/DD/RRRR HH12:MI:SSXFF AM'));
Insert into RICO.TBL_AUDIT_LOGS (LOG_ID,ACTION_TYPE,MODULE,PERFORMED_BY,USER_ROLE,DESCRIPTION,IP_ADDRESS,REFERENCE_ID,CREATED_AT) values (55,'ASSET_ADD','Assets','System Administrator','Admin','Added asset: f','127.0.0.1','AST-CAS-0001-0042',to_timestamp('05/05/2026 10:13:27.913000000 PM','MM/DD/RRRR HH12:MI:SSXFF AM'));
Insert into RICO.TBL_AUDIT_LOGS (LOG_ID,ACTION_TYPE,MODULE,PERFORMED_BY,USER_ROLE,DESCRIPTION,IP_ADDRESS,REFERENCE_ID,CREATED_AT) values (56,'BORROW','Borrows','System Administrator','Admin','Borrow request created for asset AST-CAS-0001-0042 by ASDASDASD, ASDASD','127.0.0.1','AST-CAS-0001-0042',to_timestamp('05/05/2026 10:14:02.883000000 PM','MM/DD/RRRR HH12:MI:SSXFF AM'));
Insert into RICO.TBL_AUDIT_LOGS (LOG_ID,ACTION_TYPE,MODULE,PERFORMED_BY,USER_ROLE,DESCRIPTION,IP_ADDRESS,REFERENCE_ID,CREATED_AT) values (57,'BORROW','Borrows','System Administrator','Admin','Borrow approved for asset AST-CAS-0001-0042','127.0.0.1','9',to_timestamp('05/05/2026 10:14:06.106000000 PM','MM/DD/RRRR HH12:MI:SSXFF AM'));
Insert into RICO.TBL_AUDIT_LOGS (LOG_ID,ACTION_TYPE,MODULE,PERFORMED_BY,USER_ROLE,DESCRIPTION,IP_ADDRESS,REFERENCE_ID,CREATED_AT) values (58,'RETURN','Borrows','System Administrator','Admin','Asset AST-CAS-0001-0042 returned','127.0.0.1','9',to_timestamp('05/05/2026 10:14:15.675000000 PM','MM/DD/RRRR HH12:MI:SSXFF AM'));
Insert into RICO.TBL_AUDIT_LOGS (LOG_ID,ACTION_TYPE,MODULE,PERFORMED_BY,USER_ROLE,DESCRIPTION,IP_ADDRESS,REFERENCE_ID,CREATED_AT) values (59,'MAINTENANCE_ADD','Maintenance','System Administrator','Admin','Maintenance scheduled for asset AST-CAS-0001-0042: ASDASD','127.0.0.1','AST-CAS-0001-0042',to_timestamp('05/05/2026 10:15:47.284000000 PM','MM/DD/RRRR HH12:MI:SSXFF AM'));
Insert into RICO.TBL_AUDIT_LOGS (LOG_ID,ACTION_TYPE,MODULE,PERFORMED_BY,USER_ROLE,DESCRIPTION,IP_ADDRESS,REFERENCE_ID,CREATED_AT) values (60,'MAINTENANCE_ADD','Maintenance','System Administrator','Admin','Maintenance scheduled for asset AST-CAS-0001-0042: ASDASD','127.0.0.1','AST-CAS-0001-0042',to_timestamp('05/05/2026 10:15:53.761000000 PM','MM/DD/RRRR HH12:MI:SSXFF AM'));
Insert into RICO.TBL_AUDIT_LOGS (LOG_ID,ACTION_TYPE,MODULE,PERFORMED_BY,USER_ROLE,DESCRIPTION,IP_ADDRESS,REFERENCE_ID,CREATED_AT) values (61,'MAINTENANCE_ADD','Maintenance','System Administrator','Admin','Maintenance scheduled for asset AST-CAS-0001-0042: ASDASD','127.0.0.1','AST-CAS-0001-0042',to_timestamp('05/05/2026 10:19:18.395000000 PM','MM/DD/RRRR HH12:MI:SSXFF AM'));
Insert into RICO.TBL_AUDIT_LOGS (LOG_ID,ACTION_TYPE,MODULE,PERFORMED_BY,USER_ROLE,DESCRIPTION,IP_ADDRESS,REFERENCE_ID,CREATED_AT) values (62,'MAINTENANCE_UPDATE','Maintenance','System Administrator','Admin','Maintenance 9 status set to Cancelled','127.0.0.1','9',to_timestamp('05/05/2026 10:19:26.216000000 PM','MM/DD/RRRR HH12:MI:SSXFF AM'));
Insert into RICO.TBL_AUDIT_LOGS (LOG_ID,ACTION_TYPE,MODULE,PERFORMED_BY,USER_ROLE,DESCRIPTION,IP_ADDRESS,REFERENCE_ID,CREATED_AT) values (63,'MAINTENANCE_UPDATE','Maintenance','System Administrator','Admin','Maintenance 8 status set to Cancelled','127.0.0.1','8',to_timestamp('05/05/2026 10:19:28.343000000 PM','MM/DD/RRRR HH12:MI:SSXFF AM'));
Insert into RICO.TBL_AUDIT_LOGS (LOG_ID,ACTION_TYPE,MODULE,PERFORMED_BY,USER_ROLE,DESCRIPTION,IP_ADDRESS,REFERENCE_ID,CREATED_AT) values (64,'SCHEDULE_TOGGLE','Reports','System Administrator','Admin','Schedule activated.','127.0.0.1','9',to_timestamp('05/05/2026 10:23:18.359000000 PM','MM/DD/RRRR HH12:MI:SSXFF AM'));
Insert into RICO.TBL_AUDIT_LOGS (LOG_ID,ACTION_TYPE,MODULE,PERFORMED_BY,USER_ROLE,DESCRIPTION,IP_ADDRESS,REFERENCE_ID,CREATED_AT) values (65,'REPORT_GENERATED','Reports','System Administrator','Admin','Scheduled report generated: Asset Status Report (Scheduled)','127.0.0.1',null,to_timestamp('05/05/2026 10:23:19.468000000 PM','MM/DD/RRRR HH12:MI:SSXFF AM'));
Insert into RICO.TBL_AUDIT_LOGS (LOG_ID,ACTION_TYPE,MODULE,PERFORMED_BY,USER_ROLE,DESCRIPTION,IP_ADDRESS,REFERENCE_ID,CREATED_AT) values (66,'SCHEDULE_DELETE','Reports','System Administrator','Admin','Deleted schedule id=9','127.0.0.1','9',to_timestamp('05/05/2026 10:24:14.299000000 PM','MM/DD/RRRR HH12:MI:SSXFF AM'));
Insert into RICO.TBL_AUDIT_LOGS (LOG_ID,ACTION_TYPE,MODULE,PERFORMED_BY,USER_ROLE,DESCRIPTION,IP_ADDRESS,REFERENCE_ID,CREATED_AT) values (67,'SCHEDULE_DELETE','Reports','System Administrator','Admin','Deleted schedule id=8','127.0.0.1','8',to_timestamp('05/05/2026 10:24:16.357000000 PM','MM/DD/RRRR HH12:MI:SSXFF AM'));
Insert into RICO.TBL_AUDIT_LOGS (LOG_ID,ACTION_TYPE,MODULE,PERFORMED_BY,USER_ROLE,DESCRIPTION,IP_ADDRESS,REFERENCE_ID,CREATED_AT) values (68,'SCHEDULE_CREATE','Reports','System Administrator','Admin','Scheduled: asdasdasd (Monthly)','127.0.0.1',null,to_timestamp('05/05/2026 10:24:34.725000000 PM','MM/DD/RRRR HH12:MI:SSXFF AM'));
Insert into RICO.TBL_AUDIT_LOGS (LOG_ID,ACTION_TYPE,MODULE,PERFORMED_BY,USER_ROLE,DESCRIPTION,IP_ADDRESS,REFERENCE_ID,CREATED_AT) values (69,'REPORT_GENERATED','Reports','System Administrator','Admin','Scheduled report generated: Complete Asset Inventory (Scheduled)','127.0.0.1',null,to_timestamp('05/05/2026 10:24:38.412000000 PM','MM/DD/RRRR HH12:MI:SSXFF AM'));
Insert into RICO.TBL_AUDIT_LOGS (LOG_ID,ACTION_TYPE,MODULE,PERFORMED_BY,USER_ROLE,DESCRIPTION,IP_ADDRESS,REFERENCE_ID,CREATED_AT) values (70,'REPORT_GENERATED','Reports','System Administrator','Admin','Scheduled report generated: Complete Asset Inventory (Scheduled)','127.0.0.1',null,to_timestamp('05/05/2026 10:24:49.155000000 PM','MM/DD/RRRR HH12:MI:SSXFF AM'));
Insert into RICO.TBL_AUDIT_LOGS (LOG_ID,ACTION_TYPE,MODULE,PERFORMED_BY,USER_ROLE,DESCRIPTION,IP_ADDRESS,REFERENCE_ID,CREATED_AT) values (71,'SCHEDULE_CREATE','Reports','System Administrator','Admin','Scheduled: asdasdasd (Monthly)','127.0.0.1',null,to_timestamp('05/05/2026 10:27:37.906000000 PM','MM/DD/RRRR HH12:MI:SSXFF AM'));
Insert into RICO.TBL_AUDIT_LOGS (LOG_ID,ACTION_TYPE,MODULE,PERFORMED_BY,USER_ROLE,DESCRIPTION,IP_ADDRESS,REFERENCE_ID,CREATED_AT) values (72,'REPORT_GENERATED','Reports','System Administrator','Admin','Scheduled report generated: Complete Asset Inventory (Scheduled)','127.0.0.1',null,to_timestamp('05/05/2026 10:27:55.230000000 PM','MM/DD/RRRR HH12:MI:SSXFF AM'));
Insert into RICO.TBL_AUDIT_LOGS (LOG_ID,ACTION_TYPE,MODULE,PERFORMED_BY,USER_ROLE,DESCRIPTION,IP_ADDRESS,REFERENCE_ID,CREATED_AT) values (73,'REPORT_GENERATED','Reports','System Administrator','Admin','Scheduled report generated: Complete Asset Inventory (Scheduled)','127.0.0.1',null,to_timestamp('05/05/2026 10:27:59.257000000 PM','MM/DD/RRRR HH12:MI:SSXFF AM'));
Insert into RICO.TBL_AUDIT_LOGS (LOG_ID,ACTION_TYPE,MODULE,PERFORMED_BY,USER_ROLE,DESCRIPTION,IP_ADDRESS,REFERENCE_ID,CREATED_AT) values (74,'REPORT_GENERATED','Reports','System Administrator','Admin','Generated report: Complete Asset Inventory','127.0.0.1',null,to_timestamp('05/05/2026 10:28:20.422000000 PM','MM/DD/RRRR HH12:MI:SSXFF AM'));
Insert into RICO.TBL_AUDIT_LOGS (LOG_ID,ACTION_TYPE,MODULE,PERFORMED_BY,USER_ROLE,DESCRIPTION,IP_ADDRESS,REFERENCE_ID,CREATED_AT) values (75,'REPORT_GENERATED','Reports','System Administrator','Admin','Generated: Complete Asset Inventory','127.0.0.1',null,to_timestamp('05/05/2026 10:28:20.490000000 PM','MM/DD/RRRR HH12:MI:SSXFF AM'));
Insert into RICO.TBL_AUDIT_LOGS (LOG_ID,ACTION_TYPE,MODULE,PERFORMED_BY,USER_ROLE,DESCRIPTION,IP_ADDRESS,REFERENCE_ID,CREATED_AT) values (76,'REPORT_GENERATED','Reports','System Administrator','Admin','Generated report: Asset Status Report','127.0.0.1',null,to_timestamp('05/05/2026 10:28:24.567000000 PM','MM/DD/RRRR HH12:MI:SSXFF AM'));
Insert into RICO.TBL_AUDIT_LOGS (LOG_ID,ACTION_TYPE,MODULE,PERFORMED_BY,USER_ROLE,DESCRIPTION,IP_ADDRESS,REFERENCE_ID,CREATED_AT) values (77,'REPORT_GENERATED','Reports','System Administrator','Admin','Generated: Asset Status Report','127.0.0.1',null,to_timestamp('05/05/2026 10:28:24.639000000 PM','MM/DD/RRRR HH12:MI:SSXFF AM'));
Insert into RICO.TBL_AUDIT_LOGS (LOG_ID,ACTION_TYPE,MODULE,PERFORMED_BY,USER_ROLE,DESCRIPTION,IP_ADDRESS,REFERENCE_ID,CREATED_AT) values (78,'REPORT_GENERATED','Reports','System Administrator','Admin','Generated report: Certified Assets Report','127.0.0.1',null,to_timestamp('05/05/2026 10:28:28.071000000 PM','MM/DD/RRRR HH12:MI:SSXFF AM'));
Insert into RICO.TBL_AUDIT_LOGS (LOG_ID,ACTION_TYPE,MODULE,PERFORMED_BY,USER_ROLE,DESCRIPTION,IP_ADDRESS,REFERENCE_ID,CREATED_AT) values (79,'REPORT_GENERATED','Reports','System Administrator','Admin','Generated: Certified Assets Report','127.0.0.1',null,to_timestamp('05/05/2026 10:28:28.139000000 PM','MM/DD/RRRR HH12:MI:SSXFF AM'));
Insert into RICO.TBL_AUDIT_LOGS (LOG_ID,ACTION_TYPE,MODULE,PERFORMED_BY,USER_ROLE,DESCRIPTION,IP_ADDRESS,REFERENCE_ID,CREATED_AT) values (80,'REPORT_GENERATED','Reports','System Administrator','Admin','Generated report: Certified Assets Report','127.0.0.1',null,to_timestamp('05/05/2026 10:28:32.084000000 PM','MM/DD/RRRR HH12:MI:SSXFF AM'));
Insert into RICO.TBL_AUDIT_LOGS (LOG_ID,ACTION_TYPE,MODULE,PERFORMED_BY,USER_ROLE,DESCRIPTION,IP_ADDRESS,REFERENCE_ID,CREATED_AT) values (81,'REPORT_GENERATED','Reports','System Administrator','Admin','Generated: Certified Assets Report','127.0.0.1',null,to_timestamp('05/05/2026 10:28:32.149000000 PM','MM/DD/RRRR HH12:MI:SSXFF AM'));
Insert into RICO.TBL_AUDIT_LOGS (LOG_ID,ACTION_TYPE,MODULE,PERFORMED_BY,USER_ROLE,DESCRIPTION,IP_ADDRESS,REFERENCE_ID,CREATED_AT) values (82,'REPORT_GENERATED','Reports','System Administrator','Admin','Generated report: Overdue Items Report','127.0.0.1',null,to_timestamp('05/05/2026 10:28:43.302000000 PM','MM/DD/RRRR HH12:MI:SSXFF AM'));
Insert into RICO.TBL_AUDIT_LOGS (LOG_ID,ACTION_TYPE,MODULE,PERFORMED_BY,USER_ROLE,DESCRIPTION,IP_ADDRESS,REFERENCE_ID,CREATED_AT) values (83,'REPORT_GENERATED','Reports','System Administrator','Admin','Generated: Overdue Items Report','127.0.0.1',null,to_timestamp('05/05/2026 10:28:43.374000000 PM','MM/DD/RRRR HH12:MI:SSXFF AM'));
Insert into RICO.TBL_AUDIT_LOGS (LOG_ID,ACTION_TYPE,MODULE,PERFORMED_BY,USER_ROLE,DESCRIPTION,IP_ADDRESS,REFERENCE_ID,CREATED_AT) values (84,'REPORT_GENERATED','Reports','System Administrator','Admin','Generated report: Maintenance Report','127.0.0.1',null,to_timestamp('05/05/2026 10:28:46.930000000 PM','MM/DD/RRRR HH12:MI:SSXFF AM'));
Insert into RICO.TBL_AUDIT_LOGS (LOG_ID,ACTION_TYPE,MODULE,PERFORMED_BY,USER_ROLE,DESCRIPTION,IP_ADDRESS,REFERENCE_ID,CREATED_AT) values (85,'REPORT_GENERATED','Reports','System Administrator','Admin','Generated: Maintenance Report','127.0.0.1',null,to_timestamp('05/05/2026 10:28:46.999000000 PM','MM/DD/RRRR HH12:MI:SSXFF AM'));
Insert into RICO.TBL_AUDIT_LOGS (LOG_ID,ACTION_TYPE,MODULE,PERFORMED_BY,USER_ROLE,DESCRIPTION,IP_ADDRESS,REFERENCE_ID,CREATED_AT) values (86,'REPORT_GENERATED','Reports','System Administrator','Admin','Generated report: Asset by Department','127.0.0.1',null,to_timestamp('05/05/2026 10:28:52.619000000 PM','MM/DD/RRRR HH12:MI:SSXFF AM'));
Insert into RICO.TBL_AUDIT_LOGS (LOG_ID,ACTION_TYPE,MODULE,PERFORMED_BY,USER_ROLE,DESCRIPTION,IP_ADDRESS,REFERENCE_ID,CREATED_AT) values (87,'REPORT_GENERATED','Reports','System Administrator','Admin','Generated: Asset by Department','127.0.0.1',null,to_timestamp('05/05/2026 10:28:52.693000000 PM','MM/DD/RRRR HH12:MI:SSXFF AM'));
Insert into RICO.TBL_AUDIT_LOGS (LOG_ID,ACTION_TYPE,MODULE,PERFORMED_BY,USER_ROLE,DESCRIPTION,IP_ADDRESS,REFERENCE_ID,CREATED_AT) values (88,'REPORT_GENERATED','Reports','System Administrator','Admin','Generated report: Asset by Department','127.0.0.1',null,to_timestamp('05/05/2026 10:28:58.786000000 PM','MM/DD/RRRR HH12:MI:SSXFF AM'));
Insert into RICO.TBL_AUDIT_LOGS (LOG_ID,ACTION_TYPE,MODULE,PERFORMED_BY,USER_ROLE,DESCRIPTION,IP_ADDRESS,REFERENCE_ID,CREATED_AT) values (89,'REPORT_GENERATED','Reports','System Administrator','Admin','Generated: Asset by Department','127.0.0.1',null,to_timestamp('05/05/2026 10:28:58.856000000 PM','MM/DD/RRRR HH12:MI:SSXFF AM'));
Insert into RICO.TBL_AUDIT_LOGS (LOG_ID,ACTION_TYPE,MODULE,PERFORMED_BY,USER_ROLE,DESCRIPTION,IP_ADDRESS,REFERENCE_ID,CREATED_AT) values (90,'REPORT_GENERATED','Reports','System Administrator','Admin','Generated: Asset by Department','127.0.0.1',null,to_timestamp('05/05/2026 10:29:02.860000000 PM','MM/DD/RRRR HH12:MI:SSXFF AM'));
Insert into RICO.TBL_AUDIT_LOGS (LOG_ID,ACTION_TYPE,MODULE,PERFORMED_BY,USER_ROLE,DESCRIPTION,IP_ADDRESS,REFERENCE_ID,CREATED_AT) values (91,'REPORT_GENERATED','Reports','System Administrator','Admin','Generated report: Asset by Department','127.0.0.1',null,to_timestamp('05/05/2026 10:29:02.934000000 PM','MM/DD/RRRR HH12:MI:SSXFF AM'));
Insert into RICO.TBL_AUDIT_LOGS (LOG_ID,ACTION_TYPE,MODULE,PERFORMED_BY,USER_ROLE,DESCRIPTION,IP_ADDRESS,REFERENCE_ID,CREATED_AT) values (92,'REPORT_GENERATED','Reports','System Administrator','Admin','Generated report: Borrowing Activity Report','127.0.0.1',null,to_timestamp('05/05/2026 10:29:06.411000000 PM','MM/DD/RRRR HH12:MI:SSXFF AM'));
Insert into RICO.TBL_AUDIT_LOGS (LOG_ID,ACTION_TYPE,MODULE,PERFORMED_BY,USER_ROLE,DESCRIPTION,IP_ADDRESS,REFERENCE_ID,CREATED_AT) values (93,'REPORT_GENERATED','Reports','System Administrator','Admin','Generated: Borrowing Activity Report','127.0.0.1',null,to_timestamp('05/05/2026 10:29:06.479000000 PM','MM/DD/RRRR HH12:MI:SSXFF AM'));
Insert into RICO.TBL_AUDIT_LOGS (LOG_ID,ACTION_TYPE,MODULE,PERFORMED_BY,USER_ROLE,DESCRIPTION,IP_ADDRESS,REFERENCE_ID,CREATED_AT) values (94,'REPORT_GENERATED','Reports','System Administrator','Admin','Generated report: Borrowing Activity Report','127.0.0.1',null,to_timestamp('05/05/2026 10:29:10.674000000 PM','MM/DD/RRRR HH12:MI:SSXFF AM'));
Insert into RICO.TBL_AUDIT_LOGS (LOG_ID,ACTION_TYPE,MODULE,PERFORMED_BY,USER_ROLE,DESCRIPTION,IP_ADDRESS,REFERENCE_ID,CREATED_AT) values (95,'REPORT_GENERATED','Reports','System Administrator','Admin','Generated: Borrowing Activity Report','127.0.0.1',null,to_timestamp('05/05/2026 10:29:10.741000000 PM','MM/DD/RRRR HH12:MI:SSXFF AM'));
Insert into RICO.TBL_AUDIT_LOGS (LOG_ID,ACTION_TYPE,MODULE,PERFORMED_BY,USER_ROLE,DESCRIPTION,IP_ADDRESS,REFERENCE_ID,CREATED_AT) values (96,'REPORT_GENERATED','Reports','System Administrator','Admin','Generated report: Asset Utilization Report','127.0.0.1',null,to_timestamp('05/05/2026 10:29:12.828000000 PM','MM/DD/RRRR HH12:MI:SSXFF AM'));
Insert into RICO.TBL_AUDIT_LOGS (LOG_ID,ACTION_TYPE,MODULE,PERFORMED_BY,USER_ROLE,DESCRIPTION,IP_ADDRESS,REFERENCE_ID,CREATED_AT) values (97,'REPORT_GENERATED','Reports','System Administrator','Admin','Generated: Asset Utilization Report','127.0.0.1',null,to_timestamp('05/05/2026 10:29:12.899000000 PM','MM/DD/RRRR HH12:MI:SSXFF AM'));
Insert into RICO.TBL_AUDIT_LOGS (LOG_ID,ACTION_TYPE,MODULE,PERFORMED_BY,USER_ROLE,DESCRIPTION,IP_ADDRESS,REFERENCE_ID,CREATED_AT) values (98,'REPORT_GENERATED','Reports','System Administrator','Admin','Generated report: Asset Utilization Report','127.0.0.1',null,to_timestamp('05/05/2026 10:29:18.753000000 PM','MM/DD/RRRR HH12:MI:SSXFF AM'));
Insert into RICO.TBL_AUDIT_LOGS (LOG_ID,ACTION_TYPE,MODULE,PERFORMED_BY,USER_ROLE,DESCRIPTION,IP_ADDRESS,REFERENCE_ID,CREATED_AT) values (99,'REPORT_GENERATED','Reports','System Administrator','Admin','Generated: Asset Utilization Report','127.0.0.1',null,to_timestamp('05/05/2026 10:29:18.822000000 PM','MM/DD/RRRR HH12:MI:SSXFF AM'));
Insert into RICO.TBL_AUDIT_LOGS (LOG_ID,ACTION_TYPE,MODULE,PERFORMED_BY,USER_ROLE,DESCRIPTION,IP_ADDRESS,REFERENCE_ID,CREATED_AT) values (100,'REPORT_GENERATED','Reports','System Administrator','Admin','Generated report: Asset Utilization Report','127.0.0.1',null,to_timestamp('05/05/2026 10:29:26.243000000 PM','MM/DD/RRRR HH12:MI:SSXFF AM'));
Insert into RICO.TBL_AUDIT_LOGS (LOG_ID,ACTION_TYPE,MODULE,PERFORMED_BY,USER_ROLE,DESCRIPTION,IP_ADDRESS,REFERENCE_ID,CREATED_AT) values (101,'REPORT_GENERATED','Reports','System Administrator','Admin','Generated: Asset Utilization Report','127.0.0.1',null,to_timestamp('05/05/2026 10:29:26.311000000 PM','MM/DD/RRRR HH12:MI:SSXFF AM'));
Insert into RICO.TBL_AUDIT_LOGS (LOG_ID,ACTION_TYPE,MODULE,PERFORMED_BY,USER_ROLE,DESCRIPTION,IP_ADDRESS,REFERENCE_ID,CREATED_AT) values (102,'REPORT_GENERATED','Reports','System Administrator','Admin','Generated report: Audit Logs Report','127.0.0.1',null,to_timestamp('05/05/2026 10:29:31.863000000 PM','MM/DD/RRRR HH12:MI:SSXFF AM'));
Insert into RICO.TBL_AUDIT_LOGS (LOG_ID,ACTION_TYPE,MODULE,PERFORMED_BY,USER_ROLE,DESCRIPTION,IP_ADDRESS,REFERENCE_ID,CREATED_AT) values (103,'REPORT_GENERATED','Reports','System Administrator','Admin','Generated: Audit Logs Report','127.0.0.1',null,to_timestamp('05/05/2026 10:29:31.929000000 PM','MM/DD/RRRR HH12:MI:SSXFF AM'));
Insert into RICO.TBL_AUDIT_LOGS (LOG_ID,ACTION_TYPE,MODULE,PERFORMED_BY,USER_ROLE,DESCRIPTION,IP_ADDRESS,REFERENCE_ID,CREATED_AT) values (104,'ASSET_ADD','Assets','adman','Staff','Added asset: ffff','127.0.0.1','AST-CAS-0002-0043',to_timestamp('05/05/2026 10:31:39.257000000 PM','MM/DD/RRRR HH12:MI:SSXFF AM'));
Insert into RICO.TBL_AUDIT_LOGS (LOG_ID,ACTION_TYPE,MODULE,PERFORMED_BY,USER_ROLE,DESCRIPTION,IP_ADDRESS,REFERENCE_ID,CREATED_AT) values (105,'ASSET_DELETE','Assets','adman','Staff','Deletion requested. Reason: NOT WORKING','127.0.0.1','AST-CAS-0002-0043',to_timestamp('05/05/2026 10:32:29.855000000 PM','MM/DD/RRRR HH12:MI:SSXFF AM'));
Insert into RICO.TBL_AUDIT_LOGS (LOG_ID,ACTION_TYPE,MODULE,PERFORMED_BY,USER_ROLE,DESCRIPTION,IP_ADDRESS,REFERENCE_ID,CREATED_AT) values (106,'ASSET_DELETE','Assets','adman','Staff','Deletion requested. Reason: PP','127.0.0.1','AST-CAS-0001-0042',to_timestamp('05/05/2026 10:32:45.720000000 PM','MM/DD/RRRR HH12:MI:SSXFF AM'));
Insert into RICO.TBL_AUDIT_LOGS (LOG_ID,ACTION_TYPE,MODULE,PERFORMED_BY,USER_ROLE,DESCRIPTION,IP_ADDRESS,REFERENCE_ID,CREATED_AT) values (107,'ASSET_ADD','Assets','adman','Staff','Added asset: SDFASDF','127.0.0.1','AST-COENG-0002-0044',to_timestamp('05/05/2026 10:34:57.014000000 PM','MM/DD/RRRR HH12:MI:SSXFF AM'));
Insert into RICO.TBL_AUDIT_LOGS (LOG_ID,ACTION_TYPE,MODULE,PERFORMED_BY,USER_ROLE,DESCRIPTION,IP_ADDRESS,REFERENCE_ID,CREATED_AT) values (108,'ASSET_ADD','Assets','adman','Staff','Added asset: SDFASDF','127.0.0.1','AST-COENG-0002-0045',to_timestamp('05/05/2026 10:34:57.017000000 PM','MM/DD/RRRR HH12:MI:SSXFF AM'));
Insert into RICO.TBL_AUDIT_LOGS (LOG_ID,ACTION_TYPE,MODULE,PERFORMED_BY,USER_ROLE,DESCRIPTION,IP_ADDRESS,REFERENCE_ID,CREATED_AT) values (109,'ASSET_ADD','Assets','adman','Staff','Added asset: SDFASDF','127.0.0.1','AST-COENG-0002-0046',to_timestamp('05/05/2026 10:34:57.020000000 PM','MM/DD/RRRR HH12:MI:SSXFF AM'));
Insert into RICO.TBL_AUDIT_LOGS (LOG_ID,ACTION_TYPE,MODULE,PERFORMED_BY,USER_ROLE,DESCRIPTION,IP_ADDRESS,REFERENCE_ID,CREATED_AT) values (110,'ASSET_ADD','Assets','adman','Staff','Added asset: SDFASDF','127.0.0.1','AST-COENG-0002-0047',to_timestamp('05/05/2026 10:34:57.024000000 PM','MM/DD/RRRR HH12:MI:SSXFF AM'));
Insert into RICO.TBL_AUDIT_LOGS (LOG_ID,ACTION_TYPE,MODULE,PERFORMED_BY,USER_ROLE,DESCRIPTION,IP_ADDRESS,REFERENCE_ID,CREATED_AT) values (111,'ASSET_ADD','Assets','adman','Staff','Added asset: SDFASDF','127.0.0.1','AST-COENG-0002-0048',to_timestamp('05/05/2026 10:34:57.028000000 PM','MM/DD/RRRR HH12:MI:SSXFF AM'));
Insert into RICO.TBL_AUDIT_LOGS (LOG_ID,ACTION_TYPE,MODULE,PERFORMED_BY,USER_ROLE,DESCRIPTION,IP_ADDRESS,REFERENCE_ID,CREATED_AT) values (112,'ASSET_ADD','Assets','adman','Staff','Added asset: SDFASDF','127.0.0.1','AST-COENG-0002-0049',to_timestamp('05/05/2026 10:34:57.032000000 PM','MM/DD/RRRR HH12:MI:SSXFF AM'));
Insert into RICO.TBL_AUDIT_LOGS (LOG_ID,ACTION_TYPE,MODULE,PERFORMED_BY,USER_ROLE,DESCRIPTION,IP_ADDRESS,REFERENCE_ID,CREATED_AT) values (113,'ASSET_ADD','Assets','adman','Staff','Added asset: SDFASDF','127.0.0.1','AST-COENG-0002-0050',to_timestamp('05/05/2026 10:34:57.047000000 PM','MM/DD/RRRR HH12:MI:SSXFF AM'));
Insert into RICO.TBL_AUDIT_LOGS (LOG_ID,ACTION_TYPE,MODULE,PERFORMED_BY,USER_ROLE,DESCRIPTION,IP_ADDRESS,REFERENCE_ID,CREATED_AT) values (114,'ASSET_ADD','Assets','adman','Staff','Added asset: SDFASDF','127.0.0.1','AST-COENG-0002-0051',to_timestamp('05/05/2026 10:34:57.050000000 PM','MM/DD/RRRR HH12:MI:SSXFF AM'));
Insert into RICO.TBL_AUDIT_LOGS (LOG_ID,ACTION_TYPE,MODULE,PERFORMED_BY,USER_ROLE,DESCRIPTION,IP_ADDRESS,REFERENCE_ID,CREATED_AT) values (115,'ASSET_ADD','Assets','adman','Staff','Added asset: SDFASDF','127.0.0.1','AST-COENG-0002-0052',to_timestamp('05/05/2026 10:34:57.053000000 PM','MM/DD/RRRR HH12:MI:SSXFF AM'));
Insert into RICO.TBL_AUDIT_LOGS (LOG_ID,ACTION_TYPE,MODULE,PERFORMED_BY,USER_ROLE,DESCRIPTION,IP_ADDRESS,REFERENCE_ID,CREATED_AT) values (116,'ASSET_ADD','Assets','adman','Staff','Added asset: SDFASDF','127.0.0.1','AST-COENG-0002-0053',to_timestamp('05/05/2026 10:34:57.057000000 PM','MM/DD/RRRR HH12:MI:SSXFF AM'));
Insert into RICO.TBL_AUDIT_LOGS (LOG_ID,ACTION_TYPE,MODULE,PERFORMED_BY,USER_ROLE,DESCRIPTION,IP_ADDRESS,REFERENCE_ID,CREATED_AT) values (117,'BORROW','Borrows','adman','Staff','Borrow request created for asset AST-COENG-0002-0051 by A, A','127.0.0.1','AST-COENG-0002-0051',to_timestamp('05/05/2026 10:35:27.275000000 PM','MM/DD/RRRR HH12:MI:SSXFF AM'));
Insert into RICO.TBL_AUDIT_LOGS (LOG_ID,ACTION_TYPE,MODULE,PERFORMED_BY,USER_ROLE,DESCRIPTION,IP_ADDRESS,REFERENCE_ID,CREATED_AT) values (118,'BORROW','Borrows','adman','Staff','Borrow request created for asset AST-COENG-0002-0052 by ASDF, SADF','127.0.0.1','AST-COENG-0002-0052',to_timestamp('05/05/2026 10:36:09.014000000 PM','MM/DD/RRRR HH12:MI:SSXFF AM'));
Insert into RICO.TBL_AUDIT_LOGS (LOG_ID,ACTION_TYPE,MODULE,PERFORMED_BY,USER_ROLE,DESCRIPTION,IP_ADDRESS,REFERENCE_ID,CREATED_AT) values (119,'BORROW','Borrows','adman','Staff','Borrow cancelled','127.0.0.1','11',to_timestamp('05/05/2026 10:36:12.945000000 PM','MM/DD/RRRR HH12:MI:SSXFF AM'));
Insert into RICO.TBL_AUDIT_LOGS (LOG_ID,ACTION_TYPE,MODULE,PERFORMED_BY,USER_ROLE,DESCRIPTION,IP_ADDRESS,REFERENCE_ID,CREATED_AT) values (120,'MAINTENANCE_UPDATE','Maintenance','adman','Staff','Maintenance 10 status set to Cancelled','127.0.0.1','10',to_timestamp('05/05/2026 10:36:30.809000000 PM','MM/DD/RRRR HH12:MI:SSXFF AM'));
Insert into RICO.TBL_AUDIT_LOGS (LOG_ID,ACTION_TYPE,MODULE,PERFORMED_BY,USER_ROLE,DESCRIPTION,IP_ADDRESS,REFERENCE_ID,CREATED_AT) values (121,'MAINTENANCE_ADD','Maintenance','adman','Staff','Maintenance scheduled for asset AST-COENG-0002-0052: ASDASD','127.0.0.1','AST-COENG-0002-0052',to_timestamp('05/05/2026 10:36:44.349000000 PM','MM/DD/RRRR HH12:MI:SSXFF AM'));
Insert into RICO.TBL_AUDIT_LOGS (LOG_ID,ACTION_TYPE,MODULE,PERFORMED_BY,USER_ROLE,DESCRIPTION,IP_ADDRESS,REFERENCE_ID,CREATED_AT) values (122,'SCHEDULE_CREATE','Reports','adman','Staff','Scheduled: 123123 (Daily)','127.0.0.1',null,to_timestamp('05/05/2026 10:37:04.955000000 PM','MM/DD/RRRR HH12:MI:SSXFF AM'));
Insert into RICO.TBL_AUDIT_LOGS (LOG_ID,ACTION_TYPE,MODULE,PERFORMED_BY,USER_ROLE,DESCRIPTION,IP_ADDRESS,REFERENCE_ID,CREATED_AT) values (123,'REPORT_GENERATED','Reports','adman','Staff','Scheduled report generated: Complete Asset Inventory (Scheduled)','127.0.0.1',null,to_timestamp('05/05/2026 10:37:06.614000000 PM','MM/DD/RRRR HH12:MI:SSXFF AM'));
Insert into RICO.TBL_AUDIT_LOGS (LOG_ID,ACTION_TYPE,MODULE,PERFORMED_BY,USER_ROLE,DESCRIPTION,IP_ADDRESS,REFERENCE_ID,CREATED_AT) values (124,'REPORT_GENERATED','Reports','adman','Staff','Generated: Complete Asset Inventory','127.0.0.1',null,to_timestamp('05/05/2026 10:37:16.114000000 PM','MM/DD/RRRR HH12:MI:SSXFF AM'));
Insert into RICO.TBL_AUDIT_LOGS (LOG_ID,ACTION_TYPE,MODULE,PERFORMED_BY,USER_ROLE,DESCRIPTION,IP_ADDRESS,REFERENCE_ID,CREATED_AT) values (125,'ASSET_DELETE','Assets','System Administrator','Admin','Deletion approved and asset permanently removed','127.0.0.1','AST-CAS-0002-0043',to_timestamp('05/05/2026 10:38:07.124000000 PM','MM/DD/RRRR HH12:MI:SSXFF AM'));
Insert into RICO.TBL_AUDIT_LOGS (LOG_ID,ACTION_TYPE,MODULE,PERFORMED_BY,USER_ROLE,DESCRIPTION,IP_ADDRESS,REFERENCE_ID,CREATED_AT) values (126,'ASSET_EDIT','Assets','System Administrator','Admin','Deletion request rejected, asset restored','127.0.0.1','AST-CAS-0001-0042',to_timestamp('05/05/2026 10:38:12.034000000 PM','MM/DD/RRRR HH12:MI:SSXFF AM'));
Insert into RICO.TBL_AUDIT_LOGS (LOG_ID,ACTION_TYPE,MODULE,PERFORMED_BY,USER_ROLE,DESCRIPTION,IP_ADDRESS,REFERENCE_ID,CREATED_AT) values (127,'MAINTENANCE_UPDATE','Maintenance','System Administrator','Admin','Maintenance 11 status set to In Progress','127.0.0.1','11',to_timestamp('05/05/2026 10:38:25.076000000 PM','MM/DD/RRRR HH12:MI:SSXFF AM'));
Insert into RICO.TBL_AUDIT_LOGS (LOG_ID,ACTION_TYPE,MODULE,PERFORMED_BY,USER_ROLE,DESCRIPTION,IP_ADDRESS,REFERENCE_ID,CREATED_AT) values (128,'BORROW','Borrows','System Administrator','Admin','Borrow approved for asset AST-COENG-0002-0051','127.0.0.1','10',to_timestamp('05/05/2026 10:40:04.818000000 PM','MM/DD/RRRR HH12:MI:SSXFF AM'));
Insert into RICO.TBL_AUDIT_LOGS (LOG_ID,ACTION_TYPE,MODULE,PERFORMED_BY,USER_ROLE,DESCRIPTION,IP_ADDRESS,REFERENCE_ID,CREATED_AT) values (129,'RETURN','Borrows','adman','Staff','Asset AST-COENG-0002-0051 returned','127.0.0.1','10',to_timestamp('05/05/2026 10:42:02.985000000 PM','MM/DD/RRRR HH12:MI:SSXFF AM'));
Insert into RICO.TBL_AUDIT_LOGS (LOG_ID,ACTION_TYPE,MODULE,PERFORMED_BY,USER_ROLE,DESCRIPTION,IP_ADDRESS,REFERENCE_ID,CREATED_AT) values (130,'ASSET_DELETE','Assets','adman','Staff','Deletion requested. Reason: aaaa','127.0.0.1','AST-COENG-0002-0051',to_timestamp('05/05/2026 10:42:26.828000000 PM','MM/DD/RRRR HH12:MI:SSXFF AM'));
Insert into RICO.TBL_AUDIT_LOGS (LOG_ID,ACTION_TYPE,MODULE,PERFORMED_BY,USER_ROLE,DESCRIPTION,IP_ADDRESS,REFERENCE_ID,CREATED_AT) values (131,'ASSET_DELETE','Assets','System Administrator','Admin','Deletion approved and asset permanently removed','127.0.0.1','AST-COENG-0002-0051',to_timestamp('05/05/2026 10:44:54.399000000 PM','MM/DD/RRRR HH12:MI:SSXFF AM'));
REM INSERTING into RICO.TBL_BORROWS
SET DEFINE OFF;
Insert into RICO.TBL_BORROWS (BORROW_ID,ASSET_ID,DEPARTMENT_ID,FIRST_NAME,MIDDLE_NAME,LAST_NAME,SUFFIX,BORROW_DATE,DUE_DATE,RETURN_DATE,PURPOSE,STATUS,REMARKS,CREATED_AT,UPDATED_AT) values (9,'AST-CAS-0001-0042',90,'ASDASD','ASDASD','ASDASDASD',null,'2026-05-05','2026-05-06','2026-05-05','SDGSAG','Returned','ASDASD',to_timestamp('05/05/2026 10:14:02.877000000 PM','MM/DD/RRRR HH12:MI:SSXFF AM'),to_timestamp('05/05/2026 10:14:15.671000000 PM','MM/DD/RRRR HH12:MI:SSXFF AM'));
Insert into RICO.TBL_BORROWS (BORROW_ID,ASSET_ID,DEPARTMENT_ID,FIRST_NAME,MIDDLE_NAME,LAST_NAME,SUFFIX,BORROW_DATE,DUE_DATE,RETURN_DATE,PURPOSE,STATUS,REMARKS,CREATED_AT,UPDATED_AT) values (11,'AST-COENG-0002-0052',88,'SADF','ASDF','ASDF',null,'2026-05-05','2026-05-06',null,'A','Cancelled',null,to_timestamp('05/05/2026 10:36:09.014000000 PM','MM/DD/RRRR HH12:MI:SSXFF AM'),to_timestamp('05/05/2026 10:36:12.943000000 PM','MM/DD/RRRR HH12:MI:SSXFF AM'));
REM INSERTING into RICO.TBL_CATEGORIES
SET DEFINE OFF;
Insert into RICO.TBL_CATEGORIES (CATEGORY_ID,CATEGORY_NAME,CREATED_AT) values (41,'Computer Equipment',to_timestamp('04/22/2026 11:17:06.506000000 PM','MM/DD/RRRR HH12:MI:SSXFF AM'));
Insert into RICO.TBL_CATEGORIES (CATEGORY_ID,CATEGORY_NAME,CREATED_AT) values (42,'Office Furniture',to_timestamp('04/22/2026 11:17:06.510000000 PM','MM/DD/RRRR HH12:MI:SSXFF AM'));
Insert into RICO.TBL_CATEGORIES (CATEGORY_ID,CATEGORY_NAME,CREATED_AT) values (43,'Audio/Visual',to_timestamp('04/22/2026 11:17:06.514000000 PM','MM/DD/RRRR HH12:MI:SSXFF AM'));
Insert into RICO.TBL_CATEGORIES (CATEGORY_ID,CATEGORY_NAME,CREATED_AT) values (44,'Laboratory Equipment',to_timestamp('04/22/2026 11:17:06.516000000 PM','MM/DD/RRRR HH12:MI:SSXFF AM'));
Insert into RICO.TBL_CATEGORIES (CATEGORY_ID,CATEGORY_NAME,CREATED_AT) values (45,'Network Equipment',to_timestamp('04/22/2026 11:17:06.520000000 PM','MM/DD/RRRR HH12:MI:SSXFF AM'));
Insert into RICO.TBL_CATEGORIES (CATEGORY_ID,CATEGORY_NAME,CREATED_AT) values (46,'Peripherals',to_timestamp('04/22/2026 11:17:06.524000000 PM','MM/DD/RRRR HH12:MI:SSXFF AM'));
Insert into RICO.TBL_CATEGORIES (CATEGORY_ID,CATEGORY_NAME,CREATED_AT) values (47,'Vehicles',to_timestamp('04/22/2026 11:17:06.527000000 PM','MM/DD/RRRR HH12:MI:SSXFF AM'));
Insert into RICO.TBL_CATEGORIES (CATEGORY_ID,CATEGORY_NAME,CREATED_AT) values (48,'Others',to_timestamp('04/22/2026 11:17:06.532000000 PM','MM/DD/RRRR HH12:MI:SSXFF AM'));
REM INSERTING into RICO.TBL_CUSTODIANS
SET DEFINE OFF;
Insert into RICO.TBL_CUSTODIANS (CUSTODIAN_ID,DEPARTMENT_ID,FIRST_NAME,MIDDLE_NAME,LAST_NAME,SUFFIX,EMPLOYEE_ID,EMAIL,PHONE,STATUS,CREATED_AT) values (77,82,'Alice',null,'Tan',null,'EMP-2401','alice.tan@qcu.edu.ph','09171234567','Active',to_timestamp('04/22/2026 11:14:43.654000000 PM','MM/DD/RRRR HH12:MI:SSXFF AM'));
Insert into RICO.TBL_CUSTODIANS (CUSTODIAN_ID,DEPARTMENT_ID,FIRST_NAME,MIDDLE_NAME,LAST_NAME,SUFFIX,EMPLOYEE_ID,EMAIL,PHONE,STATUS,CREATED_AT) values (78,82,'Bob',null,'Reyes',null,'EMP-2402','bob.reyes@qcu.edu.ph','09172345678','Active',to_timestamp('04/22/2026 11:14:43.658000000 PM','MM/DD/RRRR HH12:MI:SSXFF AM'));
Insert into RICO.TBL_CUSTODIANS (CUSTODIAN_ID,DEPARTMENT_ID,FIRST_NAME,MIDDLE_NAME,LAST_NAME,SUFFIX,EMPLOYEE_ID,EMAIL,PHONE,STATUS,CREATED_AT) values (79,84,'Charlie',null,'Cruz',null,'EMP-2601','charlie.cruz@qcu.edu.ph','09173456789','Active',to_timestamp('04/22/2026 11:14:43.664000000 PM','MM/DD/RRRR HH12:MI:SSXFF AM'));
Insert into RICO.TBL_CUSTODIANS (CUSTODIAN_ID,DEPARTMENT_ID,FIRST_NAME,MIDDLE_NAME,LAST_NAME,SUFFIX,EMPLOYEE_ID,EMAIL,PHONE,STATUS,CREATED_AT) values (80,84,'David',null,'Luna',null,'EMP-2602','david.luna@qcu.edu.ph','09174567890','Active',to_timestamp('04/22/2026 11:14:43.668000000 PM','MM/DD/RRRR HH12:MI:SSXFF AM'));
Insert into RICO.TBL_CUSTODIANS (CUSTODIAN_ID,DEPARTMENT_ID,FIRST_NAME,MIDDLE_NAME,LAST_NAME,SUFFIX,EMPLOYEE_ID,EMAIL,PHONE,STATUS,CREATED_AT) values (81,86,'Eve',null,'Santos',null,'EMP-2801','eve.santos@qcu.edu.ph','09175678901','Active',to_timestamp('04/22/2026 11:14:43.674000000 PM','MM/DD/RRRR HH12:MI:SSXFF AM'));
Insert into RICO.TBL_CUSTODIANS (CUSTODIAN_ID,DEPARTMENT_ID,FIRST_NAME,MIDDLE_NAME,LAST_NAME,SUFFIX,EMPLOYEE_ID,EMAIL,PHONE,STATUS,CREATED_AT) values (82,86,'Frank',null,'Gomez',null,'EMP-2802','frank.gomez@qcu.edu.ph','09176789012','Active',to_timestamp('04/22/2026 11:14:43.677000000 PM','MM/DD/RRRR HH12:MI:SSXFF AM'));
Insert into RICO.TBL_CUSTODIANS (CUSTODIAN_ID,DEPARTMENT_ID,FIRST_NAME,MIDDLE_NAME,LAST_NAME,SUFFIX,EMPLOYEE_ID,EMAIL,PHONE,STATUS,CREATED_AT) values (83,88,'Grace',null,'Lim',null,'EMP-3001','grace.lim@qcu.edu.ph','09177890123','Active',to_timestamp('04/22/2026 11:14:43.683000000 PM','MM/DD/RRRR HH12:MI:SSXFF AM'));
Insert into RICO.TBL_CUSTODIANS (CUSTODIAN_ID,DEPARTMENT_ID,FIRST_NAME,MIDDLE_NAME,LAST_NAME,SUFFIX,EMPLOYEE_ID,EMAIL,PHONE,STATUS,CREATED_AT) values (84,88,'Henry',null,'Sy',null,'EMP-3002','henry.sy@qcu.edu.ph','09178901234','Active',to_timestamp('04/22/2026 11:14:43.687000000 PM','MM/DD/RRRR HH12:MI:SSXFF AM'));
Insert into RICO.TBL_CUSTODIANS (CUSTODIAN_ID,DEPARTMENT_ID,FIRST_NAME,MIDDLE_NAME,LAST_NAME,SUFFIX,EMPLOYEE_ID,EMAIL,PHONE,STATUS,CREATED_AT) values (85,90,'Ivy',null,'Garcia',null,'EMP-3201','ivy.garcia@qcu.edu.ph','09179012345','Active',to_timestamp('04/22/2026 11:14:43.691000000 PM','MM/DD/RRRR HH12:MI:SSXFF AM'));
Insert into RICO.TBL_CUSTODIANS (CUSTODIAN_ID,DEPARTMENT_ID,FIRST_NAME,MIDDLE_NAME,LAST_NAME,SUFFIX,EMPLOYEE_ID,EMAIL,PHONE,STATUS,CREATED_AT) values (86,90,'Jack',null,'Torres',null,'EMP-3202','jack.torres@qcu.edu.ph','09170123456','Active',to_timestamp('04/22/2026 11:14:43.696000000 PM','MM/DD/RRRR HH12:MI:SSXFF AM'));
Insert into RICO.TBL_CUSTODIANS (CUSTODIAN_ID,DEPARTMENT_ID,FIRST_NAME,MIDDLE_NAME,LAST_NAME,SUFFIX,EMPLOYEE_ID,EMAIL,PHONE,STATUS,CREATED_AT) values (87,92,'Karen',null,'Villanueva',null,'EMP-3401','karen.v@qcu.edu.ph','09181234567','Active',to_timestamp('04/22/2026 11:14:43.704000000 PM','MM/DD/RRRR HH12:MI:SSXFF AM'));
Insert into RICO.TBL_CUSTODIANS (CUSTODIAN_ID,DEPARTMENT_ID,FIRST_NAME,MIDDLE_NAME,LAST_NAME,SUFFIX,EMPLOYEE_ID,EMAIL,PHONE,STATUS,CREATED_AT) values (88,92,'Leo',null,'Castro',null,'EMP-3402','leo.castro@qcu.edu.ph','09182345678','Active',to_timestamp('04/22/2026 11:14:43.708000000 PM','MM/DD/RRRR HH12:MI:SSXFF AM'));
Insert into RICO.TBL_CUSTODIANS (CUSTODIAN_ID,DEPARTMENT_ID,FIRST_NAME,MIDDLE_NAME,LAST_NAME,SUFFIX,EMPLOYEE_ID,EMAIL,PHONE,STATUS,CREATED_AT) values (89,94,'Mia',null,'Pascual',null,'EMP-3601','mia.pascual@qcu.edu.ph','09183456789','Active',to_timestamp('04/22/2026 11:14:43.713000000 PM','MM/DD/RRRR HH12:MI:SSXFF AM'));
Insert into RICO.TBL_CUSTODIANS (CUSTODIAN_ID,DEPARTMENT_ID,FIRST_NAME,MIDDLE_NAME,LAST_NAME,SUFFIX,EMPLOYEE_ID,EMAIL,PHONE,STATUS,CREATED_AT) values (90,94,'Noah',null,'Dela Cruz',null,'EMP-3602','noah.dc@qcu.edu.ph','09184567890','Active',to_timestamp('04/22/2026 11:14:43.718000000 PM','MM/DD/RRRR HH12:MI:SSXFF AM'));
Insert into RICO.TBL_CUSTODIANS (CUSTODIAN_ID,DEPARTMENT_ID,FIRST_NAME,MIDDLE_NAME,LAST_NAME,SUFFIX,EMPLOYEE_ID,EMAIL,PHONE,STATUS,CREATED_AT) values (91,96,'Olivia',null,'Aquino',null,'EMP-3801','olivia.a@qcu.edu.ph','09185678901','Active',to_timestamp('04/22/2026 11:14:43.722000000 PM','MM/DD/RRRR HH12:MI:SSXFF AM'));
Insert into RICO.TBL_CUSTODIANS (CUSTODIAN_ID,DEPARTMENT_ID,FIRST_NAME,MIDDLE_NAME,LAST_NAME,SUFFIX,EMPLOYEE_ID,EMAIL,PHONE,STATUS,CREATED_AT) values (92,96,'Paul',null,'Rizal',null,'EMP-3802','paul.rizal@qcu.edu.ph','09186789012','Active',to_timestamp('04/22/2026 11:14:43.726000000 PM','MM/DD/RRRR HH12:MI:SSXFF AM'));
Insert into RICO.TBL_CUSTODIANS (CUSTODIAN_ID,DEPARTMENT_ID,FIRST_NAME,MIDDLE_NAME,LAST_NAME,SUFFIX,EMPLOYEE_ID,EMAIL,PHONE,STATUS,CREATED_AT) values (93,98,'Quinn',null,'Marcos',null,'EMP-4001','quinn.m@qcu.edu.ph','09187890123','Active',to_timestamp('04/22/2026 11:14:43.730000000 PM','MM/DD/RRRR HH12:MI:SSXFF AM'));
Insert into RICO.TBL_CUSTODIANS (CUSTODIAN_ID,DEPARTMENT_ID,FIRST_NAME,MIDDLE_NAME,LAST_NAME,SUFFIX,EMPLOYEE_ID,EMAIL,PHONE,STATUS,CREATED_AT) values (94,98,'Rose',null,'Quezon',null,'EMP-4002','rose.quezon@qcu.edu.ph','09188901234','Active',to_timestamp('04/22/2026 11:14:43.733000000 PM','MM/DD/RRRR HH12:MI:SSXFF AM'));
Insert into RICO.TBL_CUSTODIANS (CUSTODIAN_ID,DEPARTMENT_ID,FIRST_NAME,MIDDLE_NAME,LAST_NAME,SUFFIX,EMPLOYEE_ID,EMAIL,PHONE,STATUS,CREATED_AT) values (95,100,'Sam',null,'Mabini',null,'EMP-4201','sam.mabini@qcu.edu.ph','09189012345','Active',to_timestamp('04/22/2026 11:14:43.737000000 PM','MM/DD/RRRR HH12:MI:SSXFF AM'));
Insert into RICO.TBL_CUSTODIANS (CUSTODIAN_ID,DEPARTMENT_ID,FIRST_NAME,MIDDLE_NAME,LAST_NAME,SUFFIX,EMPLOYEE_ID,EMAIL,PHONE,STATUS,CREATED_AT) values (96,100,'Tina',null,'Jacinto',null,'EMP-4202','tina.jacinto@qcu.edu.ph','09180123456','Active',to_timestamp('04/22/2026 11:14:43.740000000 PM','MM/DD/RRRR HH12:MI:SSXFF AM'));
Insert into RICO.TBL_CUSTODIANS (CUSTODIAN_ID,DEPARTMENT_ID,FIRST_NAME,MIDDLE_NAME,LAST_NAME,SUFFIX,EMPLOYEE_ID,EMAIL,PHONE,STATUS,CREATED_AT) values (97,122,'Benjamin',null,'Molinar',null,'EMP-123123','admin@adman.com','12312312311','Active',to_timestamp('05/05/2026 10:30:27.140000000 PM','MM/DD/RRRR HH12:MI:SSXFF AM'));
REM INSERTING into RICO.TBL_DELETION_REQUESTS
SET DEFINE OFF;
Insert into RICO.TBL_DELETION_REQUESTS (REQUEST_ID,ASSET_ID,REQUESTED_BY,REASON,STATUS,REVIEWED_BY,REVIEWED_AT,CREATED_AT) values (10,'AST-CAS-0001-0042','staff','PP','Rejected','admin',to_timestamp('05/05/2026 10:38:12.034000000 PM','MM/DD/RRRR HH12:MI:SSXFF AM'),to_timestamp('05/05/2026 10:32:45.719000000 PM','MM/DD/RRRR HH12:MI:SSXFF AM'));
REM INSERTING into RICO.TBL_DEPARTMENTS
SET DEFINE OFF;
Insert into RICO.TBL_DEPARTMENTS (DEPARTMENT_ID,DEPARTMENT_NAME,CREATED_AT,BUILDING,DEPARTMENT_HEAD,STATUS) values (82,'CICS',to_timestamp('04/22/2026 11:01:11.404000000 PM','MM/DD/RRRR HH12:MI:SSXFF AM'),'Engineering Building A','Dr. Maria Reyes','Active');
Insert into RICO.TBL_DEPARTMENTS (DEPARTMENT_ID,DEPARTMENT_NAME,CREATED_AT,BUILDING,DEPARTMENT_HEAD,STATUS) values (84,'COENG',to_timestamp('04/22/2026 11:01:11.409000000 PM','MM/DD/RRRR HH12:MI:SSXFF AM'),'Engineering Building B','Engr. Juan Dela Cruz','Active');
Insert into RICO.TBL_DEPARTMENTS (DEPARTMENT_ID,DEPARTMENT_NAME,CREATED_AT,BUILDING,DEPARTMENT_HEAD,STATUS) values (86,'COED',to_timestamp('04/22/2026 11:01:11.413000000 PM','MM/DD/RRRR HH12:MI:SSXFF AM'),'Education Hall','Dr. Elena Santos','Active');
Insert into RICO.TBL_DEPARTMENTS (DEPARTMENT_ID,DEPARTMENT_NAME,CREATED_AT,BUILDING,DEPARTMENT_HEAD,STATUS) values (88,'CBA',to_timestamp('04/22/2026 11:01:11.417000000 PM','MM/DD/RRRR HH12:MI:SSXFF AM'),'Business Administration Bldg','Prof. Ricardo Lim','Active');
Insert into RICO.TBL_DEPARTMENTS (DEPARTMENT_ID,DEPARTMENT_NAME,CREATED_AT,BUILDING,DEPARTMENT_HEAD,STATUS) values (90,'CAS',to_timestamp('04/22/2026 11:01:11.421000000 PM','MM/DD/RRRR HH12:MI:SSXFF AM'),'Arts and Sciences Bldg','Dr. Sarah Gomez','Active');
Insert into RICO.TBL_DEPARTMENTS (DEPARTMENT_ID,DEPARTMENT_NAME,CREATED_AT,BUILDING,DEPARTMENT_HEAD,STATUS) values (92,'CAUP',to_timestamp('04/22/2026 11:01:11.425000000 PM','MM/DD/RRRR HH12:MI:SSXFF AM'),'Architecture Center','Ar. Antonio Luna','Active');
Insert into RICO.TBL_DEPARTMENTS (DEPARTMENT_ID,DEPARTMENT_NAME,CREATED_AT,BUILDING,DEPARTMENT_HEAD,STATUS) values (94,'OSAS',to_timestamp('04/22/2026 11:01:11.430000000 PM','MM/DD/RRRR HH12:MI:SSXFF AM'),'Student Services Wing','Director Jose Rizal','Active');
Insert into RICO.TBL_DEPARTMENTS (DEPARTMENT_ID,DEPARTMENT_NAME,CREATED_AT,BUILDING,DEPARTMENT_HEAD,STATUS) values (96,'Admin Office',to_timestamp('04/22/2026 11:01:11.434000000 PM','MM/DD/RRRR HH12:MI:SSXFF AM'),'Main Administration Bldg','Atty. Manuel Quezon','Active');
Insert into RICO.TBL_DEPARTMENTS (DEPARTMENT_ID,DEPARTMENT_NAME,CREATED_AT,BUILDING,DEPARTMENT_HEAD,STATUS) values (98,'Library',to_timestamp('04/22/2026 11:01:11.438000000 PM','MM/DD/RRRR HH12:MI:SSXFF AM'),'Learning Resource Center','Ms. Corazon Aquino','Active');
Insert into RICO.TBL_DEPARTMENTS (DEPARTMENT_ID,DEPARTMENT_NAME,CREATED_AT,BUILDING,DEPARTMENT_HEAD,STATUS) values (100,'CCS',to_timestamp('04/22/2026 11:01:11.443000000 PM','MM/DD/RRRR HH12:MI:SSXFF AM'),'Computer Studies Bldg','Dr. Ferdinand Marcos','Active');
Insert into RICO.TBL_DEPARTMENTS (DEPARTMENT_ID,DEPARTMENT_NAME,CREATED_AT,BUILDING,DEPARTMENT_HEAD,STATUS) values (122,'FFF',to_timestamp('05/05/2026 10:29:48.517000000 PM','MM/DD/RRRR HH12:MI:SSXFF AM'),'ASD','Mr.Benjamin Molinar','Active');
REM INSERTING into RICO.TBL_ITEM_TYPES
SET DEFINE OFF;
Insert into RICO.TBL_ITEM_TYPES (ITEM_TYPE_ID,ITEM_TYPE_NAME,ITEM_TYPE_CODE) values (42,'Computer','0002');
Insert into RICO.TBL_ITEM_TYPES (ITEM_TYPE_ID,ITEM_TYPE_NAME,ITEM_TYPE_CODE) values (43,'Monitor','0003');
Insert into RICO.TBL_ITEM_TYPES (ITEM_TYPE_ID,ITEM_TYPE_NAME,ITEM_TYPE_CODE) values (44,'Laptop','0004');
Insert into RICO.TBL_ITEM_TYPES (ITEM_TYPE_ID,ITEM_TYPE_NAME,ITEM_TYPE_CODE) values (45,'Projector','0005');
Insert into RICO.TBL_ITEM_TYPES (ITEM_TYPE_ID,ITEM_TYPE_NAME,ITEM_TYPE_CODE) values (41,'Printer','0001');
REM INSERTING into RICO.TBL_MAINTENANCE
SET DEFINE OFF;
Insert into RICO.TBL_MAINTENANCE (MAINTENANCE_ID,ASSET_ID,TYPE_ID,ISSUE_DESCRIPTION,TECH_FIRST_NAME,TECH_MIDDLE_NAME,TECH_LAST_NAME,TECH_SUFFIX,SCHEDULED_DATE,COMPLETED_DATE,NOTES,STATUS,CREATED_AT,UPDATED_AT) values (10,'AST-CAS-0001-0042',14,'ASDASD','ASDASD','ASDASD','ASDASD',null,'2026-05-07',null,'ASDASDASD','Cancelled',to_timestamp('05/05/2026 10:19:18.394000000 PM','MM/DD/RRRR HH12:MI:SSXFF AM'),to_timestamp('05/05/2026 10:36:30.808000000 PM','MM/DD/RRRR HH12:MI:SSXFF AM'));
Insert into RICO.TBL_MAINTENANCE (MAINTENANCE_ID,ASSET_ID,TYPE_ID,ISSUE_DESCRIPTION,TECH_FIRST_NAME,TECH_MIDDLE_NAME,TECH_LAST_NAME,TECH_SUFFIX,SCHEDULED_DATE,COMPLETED_DATE,NOTES,STATUS,CREATED_AT,UPDATED_AT) values (8,'AST-CAS-0001-0042',14,'ASDASD','ASDASD','ASDASD','ASDASD',null,'2026-05-07',null,'ASDASDASD','Cancelled',to_timestamp('05/05/2026 10:15:47.280000000 PM','MM/DD/RRRR HH12:MI:SSXFF AM'),to_timestamp('05/05/2026 10:19:28.342000000 PM','MM/DD/RRRR HH12:MI:SSXFF AM'));
Insert into RICO.TBL_MAINTENANCE (MAINTENANCE_ID,ASSET_ID,TYPE_ID,ISSUE_DESCRIPTION,TECH_FIRST_NAME,TECH_MIDDLE_NAME,TECH_LAST_NAME,TECH_SUFFIX,SCHEDULED_DATE,COMPLETED_DATE,NOTES,STATUS,CREATED_AT,UPDATED_AT) values (9,'AST-CAS-0001-0042',14,'ASDASD','ASDASD','ASDASD','ASDASD',null,'2026-05-07',null,'ASDASDASD','Cancelled',to_timestamp('05/05/2026 10:15:53.761000000 PM','MM/DD/RRRR HH12:MI:SSXFF AM'),to_timestamp('05/05/2026 10:19:26.216000000 PM','MM/DD/RRRR HH12:MI:SSXFF AM'));
Insert into RICO.TBL_MAINTENANCE (MAINTENANCE_ID,ASSET_ID,TYPE_ID,ISSUE_DESCRIPTION,TECH_FIRST_NAME,TECH_MIDDLE_NAME,TECH_LAST_NAME,TECH_SUFFIX,SCHEDULED_DATE,COMPLETED_DATE,NOTES,STATUS,CREATED_AT,UPDATED_AT) values (11,'AST-COENG-0002-0052',16,'ASDASD','A','A','AA',null,'2026-05-07',null,'ASDASD','In Progress',to_timestamp('05/05/2026 10:36:44.345000000 PM','MM/DD/RRRR HH12:MI:SSXFF AM'),to_timestamp('05/05/2026 10:38:25.072000000 PM','MM/DD/RRRR HH12:MI:SSXFF AM'));
REM INSERTING into RICO.TBL_MAINTENANCE_TYPES
SET DEFINE OFF;
Insert into RICO.TBL_MAINTENANCE_TYPES (TYPE_ID,TYPE_NAME) values (9,'Repair');
Insert into RICO.TBL_MAINTENANCE_TYPES (TYPE_ID,TYPE_NAME) values (10,'Preventive Maintenance');
Insert into RICO.TBL_MAINTENANCE_TYPES (TYPE_ID,TYPE_NAME) values (11,'Inspection');
Insert into RICO.TBL_MAINTENANCE_TYPES (TYPE_ID,TYPE_NAME) values (12,'Calibration');
Insert into RICO.TBL_MAINTENANCE_TYPES (TYPE_ID,TYPE_NAME) values (13,'Replacement');
Insert into RICO.TBL_MAINTENANCE_TYPES (TYPE_ID,TYPE_NAME) values (14,'Cleaning');
Insert into RICO.TBL_MAINTENANCE_TYPES (TYPE_ID,TYPE_NAME) values (15,'Software Update');
Insert into RICO.TBL_MAINTENANCE_TYPES (TYPE_ID,TYPE_NAME) values (16,'Hardware Upgrade');
REM INSERTING into RICO.TBL_NOTIFICATIONS
SET DEFINE OFF;
Insert into RICO.TBL_NOTIFICATIONS (NOTIFICATION_ID,USER_ID,TITLE,TYPE,PRIORITY,IS_READ,RELATED_ENTITY_TYPE,RELATED_ENTITY_ID,ACTION_URL,CREATED_AT,EXPIRES_AT) values (1,25,'New Borrow Request','info','normal',1,'borrow',9,'/1QCUPROJECT/views/admin/borrow_page.php',to_timestamp('05/05/2026 10:14:02.896000000 PM','MM/DD/RRRR HH12:MI:SSXFF AM'),to_timestamp('05/12/2026 10:14:02.000000000 PM','MM/DD/RRRR HH12:MI:SSXFF AM'));
Insert into RICO.TBL_NOTIFICATIONS (NOTIFICATION_ID,USER_ID,TITLE,TYPE,PRIORITY,IS_READ,RELATED_ENTITY_TYPE,RELATED_ENTITY_ID,ACTION_URL,CREATED_AT,EXPIRES_AT) values (2,25,'Maintenance Scheduled','info','normal',1,'maintenance',10,'/1QCUPROJECT/staff/maintenance.php',to_timestamp('05/05/2026 10:19:18.401000000 PM','MM/DD/RRRR HH12:MI:SSXFF AM'),to_timestamp('05/12/2026 10:19:18.000000000 PM','MM/DD/RRRR HH12:MI:SSXFF AM'));
Insert into RICO.TBL_NOTIFICATIONS (NOTIFICATION_ID,USER_ID,TITLE,TYPE,PRIORITY,IS_READ,RELATED_ENTITY_TYPE,RELATED_ENTITY_ID,ACTION_URL,CREATED_AT,EXPIRES_AT) values (3,25,'New Borrow Request','info','normal',1,'borrow',10,'/1QCUPROJECT/views/admin/borrow_page.php',to_timestamp('05/05/2026 10:35:27.276000000 PM','MM/DD/RRRR HH12:MI:SSXFF AM'),to_timestamp('05/12/2026 10:35:27.000000000 PM','MM/DD/RRRR HH12:MI:SSXFF AM'));
Insert into RICO.TBL_NOTIFICATIONS (NOTIFICATION_ID,USER_ID,TITLE,TYPE,PRIORITY,IS_READ,RELATED_ENTITY_TYPE,RELATED_ENTITY_ID,ACTION_URL,CREATED_AT,EXPIRES_AT) values (4,25,'New Borrow Request','info','normal',1,'borrow',11,'/1QCUPROJECT/views/admin/borrow_page.php',to_timestamp('05/05/2026 10:36:09.020000000 PM','MM/DD/RRRR HH12:MI:SSXFF AM'),to_timestamp('05/12/2026 10:36:09.000000000 PM','MM/DD/RRRR HH12:MI:SSXFF AM'));
Insert into RICO.TBL_NOTIFICATIONS (NOTIFICATION_ID,USER_ID,TITLE,TYPE,PRIORITY,IS_READ,RELATED_ENTITY_TYPE,RELATED_ENTITY_ID,ACTION_URL,CREATED_AT,EXPIRES_AT) values (5,27,'Maintenance Scheduled','info','normal',1,'maintenance',11,'/1QCUPROJECT/staff/maintenance.php',to_timestamp('05/05/2026 10:36:44.352000000 PM','MM/DD/RRRR HH12:MI:SSXFF AM'),to_timestamp('05/12/2026 10:36:44.000000000 PM','MM/DD/RRRR HH12:MI:SSXFF AM'));
REM INSERTING into RICO.TBL_REPORTS
SET DEFINE OFF;
Insert into RICO.TBL_REPORTS (REPORT_ID,REPORT_NAME,REPORT_TYPE,GENERATED_BY,GENERATED_AT,FORMAT,FILE_URL,GENERATED_BY_ROLE) values (15,'Certified Assets Report','Certified Assets Report','System Administrator',to_timestamp('04/22/2026 11:18:17.678000000 PM','MM/DD/RRRR HH12:MI:SSXFF AM'),'PDF','/1QCUPROJECT/backend/routes/view_report.php?resource=report_certified','Admin');
Insert into RICO.TBL_REPORTS (REPORT_ID,REPORT_NAME,REPORT_TYPE,GENERATED_BY,GENERATED_AT,FORMAT,FILE_URL,GENERATED_BY_ROLE) values (16,'Overdue Items Report','Overdue Items Report','System Administrator',to_timestamp('04/22/2026 11:18:21.282000000 PM','MM/DD/RRRR HH12:MI:SSXFF AM'),'PDF','/1QCUPROJECT/backend/routes/view_report.php?resource=report_overdue&scope=all','Admin');
Insert into RICO.TBL_REPORTS (REPORT_ID,REPORT_NAME,REPORT_TYPE,GENERATED_BY,GENERATED_AT,FORMAT,FILE_URL,GENERATED_BY_ROLE) values (13,'Complete Asset Inventory (Scheduled)','Complete Asset Inventory','System Administrator',to_timestamp('04/22/2026 11:00:01.012000000 PM','MM/DD/RRRR HH12:MI:SSXFF AM'),'PDF','/1QCUPROJECT/backend/routes/view_report.php?resource=report_complete','Admin');
Insert into RICO.TBL_REPORTS (REPORT_ID,REPORT_NAME,REPORT_TYPE,GENERATED_BY,GENERATED_AT,FORMAT,FILE_URL,GENERATED_BY_ROLE) values (14,'Asset Status Report','Asset Status Report','System Administrator',to_timestamp('04/22/2026 11:18:10.047000000 PM','MM/DD/RRRR HH12:MI:SSXFF AM'),'PDF','/1QCUPROJECT/backend/routes/view_report.php?resource=report_status','Admin');
Insert into RICO.TBL_REPORTS (REPORT_ID,REPORT_NAME,REPORT_TYPE,GENERATED_BY,GENERATED_AT,FORMAT,FILE_URL,GENERATED_BY_ROLE) values (17,'Maintenance Report','Maintenance Report','System Administrator',to_timestamp('04/22/2026 11:18:25.364000000 PM','MM/DD/RRRR HH12:MI:SSXFF AM'),'PDF','/1QCUPROJECT/backend/routes/view_report.php?resource=report_maintenance','Admin');
Insert into RICO.TBL_REPORTS (REPORT_ID,REPORT_NAME,REPORT_TYPE,GENERATED_BY,GENERATED_AT,FORMAT,FILE_URL,GENERATED_BY_ROLE) values (18,'Asset Status Report (Scheduled)','Asset Status Report','Kurt',to_timestamp('04/22/2026 11:23:08.128000000 PM','MM/DD/RRRR HH12:MI:SSXFF AM'),'PDF','/1QCUPROJECT/backend/routes/view_report.php?resource=report_status','Staff');
Insert into RICO.TBL_REPORTS (REPORT_ID,REPORT_NAME,REPORT_TYPE,GENERATED_BY,GENERATED_AT,FORMAT,FILE_URL,GENERATED_BY_ROLE) values (19,'Asset Status Report','Asset Status Report','Kurt',to_timestamp('04/22/2026 11:23:15.446000000 PM','MM/DD/RRRR HH12:MI:SSXFF AM'),'PDF','/1QCUPROJECT/backend/routes/view_report.php?resource=report_status','Staff');
Insert into RICO.TBL_REPORTS (REPORT_ID,REPORT_NAME,REPORT_TYPE,GENERATED_BY,GENERATED_AT,FORMAT,FILE_URL,GENERATED_BY_ROLE) values (20,'Certified Assets Report','Certified Assets Report','Kurt',to_timestamp('04/22/2026 11:23:18.626000000 PM','MM/DD/RRRR HH12:MI:SSXFF AM'),'PDF','/1QCUPROJECT/backend/routes/view_report.php?resource=report_certified','Staff');
Insert into RICO.TBL_REPORTS (REPORT_ID,REPORT_NAME,REPORT_TYPE,GENERATED_BY,GENERATED_AT,FORMAT,FILE_URL,GENERATED_BY_ROLE) values (21,'Overdue Items Report','Overdue Items Report','Kurt',to_timestamp('04/22/2026 11:23:20.698000000 PM','MM/DD/RRRR HH12:MI:SSXFF AM'),'PDF','/1QCUPROJECT/backend/routes/view_report.php?resource=report_overdue&scope=all','Staff');
Insert into RICO.TBL_REPORTS (REPORT_ID,REPORT_NAME,REPORT_TYPE,GENERATED_BY,GENERATED_AT,FORMAT,FILE_URL,GENERATED_BY_ROLE) values (22,'Maintenance Report','Maintenance Report','Kurt',to_timestamp('04/22/2026 11:23:22.354000000 PM','MM/DD/RRRR HH12:MI:SSXFF AM'),'PDF','/1QCUPROJECT/backend/routes/view_report.php?resource=report_maintenance','Staff');
Insert into RICO.TBL_REPORTS (REPORT_ID,REPORT_NAME,REPORT_TYPE,GENERATED_BY,GENERATED_AT,FORMAT,FILE_URL,GENERATED_BY_ROLE) values (23,'Complete Asset Inventory (Scheduled)','Complete Asset Inventory','System Administrator',to_timestamp('05/05/2026 10:07:39.298000000 PM','MM/DD/RRRR HH12:MI:SSXFF AM'),'PDF','/1QCUPROJECT/backend/routes/view_report.php?resource=report_complete','Admin');
Insert into RICO.TBL_REPORTS (REPORT_ID,REPORT_NAME,REPORT_TYPE,GENERATED_BY,GENERATED_AT,FORMAT,FILE_URL,GENERATED_BY_ROLE) values (24,'Asset Status Report (Scheduled)','Asset Status Report','System Administrator',to_timestamp('05/05/2026 10:07:39.376000000 PM','MM/DD/RRRR HH12:MI:SSXFF AM'),'PDF','/1QCUPROJECT/backend/routes/view_report.php?resource=report_status','Admin');
Insert into RICO.TBL_REPORTS (REPORT_ID,REPORT_NAME,REPORT_TYPE,GENERATED_BY,GENERATED_AT,FORMAT,FILE_URL,GENERATED_BY_ROLE) values (25,'Complete Asset Inventory (Scheduled)','Complete Asset Inventory','System Administrator',to_timestamp('05/05/2026 10:07:41.364000000 PM','MM/DD/RRRR HH12:MI:SSXFF AM'),'PDF','/1QCUPROJECT/backend/routes/view_report.php?resource=report_complete','Admin');
Insert into RICO.TBL_REPORTS (REPORT_ID,REPORT_NAME,REPORT_TYPE,GENERATED_BY,GENERATED_AT,FORMAT,FILE_URL,GENERATED_BY_ROLE) values (26,'Asset Status Report (Scheduled)','Asset Status Report','System Administrator',to_timestamp('05/05/2026 10:07:41.426000000 PM','MM/DD/RRRR HH12:MI:SSXFF AM'),'PDF','/1QCUPROJECT/backend/routes/view_report.php?resource=report_status','Admin');
Insert into RICO.TBL_REPORTS (REPORT_ID,REPORT_NAME,REPORT_TYPE,GENERATED_BY,GENERATED_AT,FORMAT,FILE_URL,GENERATED_BY_ROLE) values (27,'Complete Asset Inventory (Scheduled)','Complete Asset Inventory','System Administrator',to_timestamp('05/05/2026 10:11:10.987000000 PM','MM/DD/RRRR HH12:MI:SSXFF AM'),'PDF','/1QCUPROJECT/backend/routes/view_report.php?resource=report_complete','Admin');
Insert into RICO.TBL_REPORTS (REPORT_ID,REPORT_NAME,REPORT_TYPE,GENERATED_BY,GENERATED_AT,FORMAT,FILE_URL,GENERATED_BY_ROLE) values (28,'Asset Status Report (Scheduled)','Asset Status Report','System Administrator',to_timestamp('05/05/2026 10:11:11.063000000 PM','MM/DD/RRRR HH12:MI:SSXFF AM'),'PDF','/1QCUPROJECT/backend/routes/view_report.php?resource=report_status','Admin');
Insert into RICO.TBL_REPORTS (REPORT_ID,REPORT_NAME,REPORT_TYPE,GENERATED_BY,GENERATED_AT,FORMAT,FILE_URL,GENERATED_BY_ROLE) values (29,'Asset Status Report (Scheduled)','Asset Status Report','System Administrator',to_timestamp('05/05/2026 10:23:19.467000000 PM','MM/DD/RRRR HH12:MI:SSXFF AM'),'PDF','/1QCUPROJECT/backend/routes/view_report.php?resource=report_status','Admin');
Insert into RICO.TBL_REPORTS (REPORT_ID,REPORT_NAME,REPORT_TYPE,GENERATED_BY,GENERATED_AT,FORMAT,FILE_URL,GENERATED_BY_ROLE) values (30,'Complete Asset Inventory (Scheduled)','Complete Asset Inventory','System Administrator',to_timestamp('05/05/2026 10:24:38.410000000 PM','MM/DD/RRRR HH12:MI:SSXFF AM'),'PDF','/1QCUPROJECT/backend/routes/view_report.php?resource=report_complete','Admin');
Insert into RICO.TBL_REPORTS (REPORT_ID,REPORT_NAME,REPORT_TYPE,GENERATED_BY,GENERATED_AT,FORMAT,FILE_URL,GENERATED_BY_ROLE) values (31,'Complete Asset Inventory (Scheduled)','Complete Asset Inventory','System Administrator',to_timestamp('05/05/2026 10:24:49.154000000 PM','MM/DD/RRRR HH12:MI:SSXFF AM'),'PDF','/1QCUPROJECT/backend/routes/view_report.php?resource=report_complete','Admin');
Insert into RICO.TBL_REPORTS (REPORT_ID,REPORT_NAME,REPORT_TYPE,GENERATED_BY,GENERATED_AT,FORMAT,FILE_URL,GENERATED_BY_ROLE) values (32,'Complete Asset Inventory (Scheduled)','Complete Asset Inventory','System Administrator',to_timestamp('05/05/2026 10:27:55.228000000 PM','MM/DD/RRRR HH12:MI:SSXFF AM'),'PDF','/1QCUPROJECT/backend/routes/view_report.php?resource=report_complete','Admin');
Insert into RICO.TBL_REPORTS (REPORT_ID,REPORT_NAME,REPORT_TYPE,GENERATED_BY,GENERATED_AT,FORMAT,FILE_URL,GENERATED_BY_ROLE) values (33,'Complete Asset Inventory (Scheduled)','Complete Asset Inventory','System Administrator',to_timestamp('05/05/2026 10:27:59.255000000 PM','MM/DD/RRRR HH12:MI:SSXFF AM'),'PDF','/1QCUPROJECT/backend/routes/view_report.php?resource=report_complete','Admin');
Insert into RICO.TBL_REPORTS (REPORT_ID,REPORT_NAME,REPORT_TYPE,GENERATED_BY,GENERATED_AT,FORMAT,FILE_URL,GENERATED_BY_ROLE) values (34,'Complete Asset Inventory','Complete Asset Inventory','System Administrator',to_timestamp('05/05/2026 10:28:20.419000000 PM','MM/DD/RRRR HH12:MI:SSXFF AM'),'PDF','/1QCUPROJECT/backend/routes/view_report.php?resource=report_complete','Admin');
Insert into RICO.TBL_REPORTS (REPORT_ID,REPORT_NAME,REPORT_TYPE,GENERATED_BY,GENERATED_AT,FORMAT,FILE_URL,GENERATED_BY_ROLE) values (35,'Asset Status Report','Asset Status Report','System Administrator',to_timestamp('05/05/2026 10:28:24.565000000 PM','MM/DD/RRRR HH12:MI:SSXFF AM'),'PDF','/1QCUPROJECT/backend/routes/view_report.php?resource=report_status','Admin');
Insert into RICO.TBL_REPORTS (REPORT_ID,REPORT_NAME,REPORT_TYPE,GENERATED_BY,GENERATED_AT,FORMAT,FILE_URL,GENERATED_BY_ROLE) values (36,'Certified Assets Report','Certified Assets Report','System Administrator',to_timestamp('05/05/2026 10:28:28.071000000 PM','MM/DD/RRRR HH12:MI:SSXFF AM'),'PDF','/1QCUPROJECT/backend/routes/view_report.php?resource=report_certified','Admin');
Insert into RICO.TBL_REPORTS (REPORT_ID,REPORT_NAME,REPORT_TYPE,GENERATED_BY,GENERATED_AT,FORMAT,FILE_URL,GENERATED_BY_ROLE) values (37,'Certified Assets Report','Certified Assets Report','System Administrator',to_timestamp('05/05/2026 10:28:32.084000000 PM','MM/DD/RRRR HH12:MI:SSXFF AM'),'PDF','/1QCUPROJECT/backend/routes/view_report.php?resource=report_certified','Admin');
Insert into RICO.TBL_REPORTS (REPORT_ID,REPORT_NAME,REPORT_TYPE,GENERATED_BY,GENERATED_AT,FORMAT,FILE_URL,GENERATED_BY_ROLE) values (38,'Overdue Items Report','Overdue Items Report','System Administrator',to_timestamp('05/05/2026 10:28:43.302000000 PM','MM/DD/RRRR HH12:MI:SSXFF AM'),'PDF','/1QCUPROJECT/backend/routes/view_report.php?resource=report_overdue&scope=all','Admin');
Insert into RICO.TBL_REPORTS (REPORT_ID,REPORT_NAME,REPORT_TYPE,GENERATED_BY,GENERATED_AT,FORMAT,FILE_URL,GENERATED_BY_ROLE) values (39,'Maintenance Report','Maintenance Report','System Administrator',to_timestamp('05/05/2026 10:28:46.930000000 PM','MM/DD/RRRR HH12:MI:SSXFF AM'),'PDF','/1QCUPROJECT/backend/routes/view_report.php?resource=report_maintenance','Admin');
Insert into RICO.TBL_REPORTS (REPORT_ID,REPORT_NAME,REPORT_TYPE,GENERATED_BY,GENERATED_AT,FORMAT,FILE_URL,GENERATED_BY_ROLE) values (40,'Asset by Department','Asset by Department','System Administrator',to_timestamp('05/05/2026 10:28:52.618000000 PM','MM/DD/RRRR HH12:MI:SSXFF AM'),'PDF','/1QCUPROJECT/backend/routes/view_report.php?resource=report_by_dept','Admin');
Insert into RICO.TBL_REPORTS (REPORT_ID,REPORT_NAME,REPORT_TYPE,GENERATED_BY,GENERATED_AT,FORMAT,FILE_URL,GENERATED_BY_ROLE) values (41,'Asset by Department','Asset by Department','System Administrator',to_timestamp('05/05/2026 10:28:58.785000000 PM','MM/DD/RRRR HH12:MI:SSXFF AM'),'PDF','/1QCUPROJECT/backend/routes/view_report.php?resource=report_by_dept&dept_id=90&dept_name=CAS','Admin');
Insert into RICO.TBL_REPORTS (REPORT_ID,REPORT_NAME,REPORT_TYPE,GENERATED_BY,GENERATED_AT,FORMAT,FILE_URL,GENERATED_BY_ROLE) values (42,'Asset by Department','Asset by Department','System Administrator',to_timestamp('05/05/2026 10:29:02.932000000 PM','MM/DD/RRRR HH12:MI:SSXFF AM'),'PDF','/1QCUPROJECT/backend/routes/view_report.php?resource=report_by_dept&dept_id=86&dept_name=COED','Admin');
Insert into RICO.TBL_REPORTS (REPORT_ID,REPORT_NAME,REPORT_TYPE,GENERATED_BY,GENERATED_AT,FORMAT,FILE_URL,GENERATED_BY_ROLE) values (43,'Borrowing Activity Report','Borrowing Activity Report','System Administrator',to_timestamp('05/05/2026 10:29:06.405000000 PM','MM/DD/RRRR HH12:MI:SSXFF AM'),'PDF','/1QCUPROJECT/backend/routes/view_report.php?resource=report_borrowing','Admin');
Insert into RICO.TBL_REPORTS (REPORT_ID,REPORT_NAME,REPORT_TYPE,GENERATED_BY,GENERATED_AT,FORMAT,FILE_URL,GENERATED_BY_ROLE) values (44,'Borrowing Activity Report','Borrowing Activity Report','System Administrator',to_timestamp('05/05/2026 10:29:10.672000000 PM','MM/DD/RRRR HH12:MI:SSXFF AM'),'PDF','/1QCUPROJECT/backend/routes/view_report.php?resource=report_borrowing&dept_id=84&dept_name=COENG','Admin');
Insert into RICO.TBL_REPORTS (REPORT_ID,REPORT_NAME,REPORT_TYPE,GENERATED_BY,GENERATED_AT,FORMAT,FILE_URL,GENERATED_BY_ROLE) values (45,'Asset Utilization Report','Asset Utilization Report','System Administrator',to_timestamp('05/05/2026 10:29:12.822000000 PM','MM/DD/RRRR HH12:MI:SSXFF AM'),'PDF','/1QCUPROJECT/backend/routes/view_report.php?resource=report_utilization','Admin');
Insert into RICO.TBL_REPORTS (REPORT_ID,REPORT_NAME,REPORT_TYPE,GENERATED_BY,GENERATED_AT,FORMAT,FILE_URL,GENERATED_BY_ROLE) values (46,'Asset Utilization Report','Asset Utilization Report','System Administrator',to_timestamp('05/05/2026 10:29:18.752000000 PM','MM/DD/RRRR HH12:MI:SSXFF AM'),'PDF','/1QCUPROJECT/backend/routes/view_report.php?resource=report_utilization&dept_id=84&dept_name=COENG','Admin');
Insert into RICO.TBL_REPORTS (REPORT_ID,REPORT_NAME,REPORT_TYPE,GENERATED_BY,GENERATED_AT,FORMAT,FILE_URL,GENERATED_BY_ROLE) values (47,'Asset Utilization Report','Asset Utilization Report','System Administrator',to_timestamp('05/05/2026 10:29:26.231000000 PM','MM/DD/RRRR HH12:MI:SSXFF AM'),'PDF','/1QCUPROJECT/backend/routes/view_report.php?resource=report_utilization','Admin');
Insert into RICO.TBL_REPORTS (REPORT_ID,REPORT_NAME,REPORT_TYPE,GENERATED_BY,GENERATED_AT,FORMAT,FILE_URL,GENERATED_BY_ROLE) values (48,'Audit Logs Report','Audit Logs Report','System Administrator',to_timestamp('05/05/2026 10:29:31.861000000 PM','MM/DD/RRRR HH12:MI:SSXFF AM'),'PDF','/1QCUPROJECT/backend/routes/view_report.php?resource=report_audit_logs','Admin');
Insert into RICO.TBL_REPORTS (REPORT_ID,REPORT_NAME,REPORT_TYPE,GENERATED_BY,GENERATED_AT,FORMAT,FILE_URL,GENERATED_BY_ROLE) values (49,'Complete Asset Inventory (Scheduled)','Complete Asset Inventory','adman',to_timestamp('05/05/2026 10:37:06.613000000 PM','MM/DD/RRRR HH12:MI:SSXFF AM'),'PDF','/1QCUPROJECT/backend/routes/view_report.php?resource=report_complete','Staff');
REM INSERTING into RICO.TBL_SCHEDULED_REPORTS
SET DEFINE OFF;
Insert into RICO.TBL_SCHEDULED_REPORTS (SCHEDULE_ID,SCHEDULE_NAME,REPORT_TYPE,FREQUENCY,START_DATE,NEXT_RUN_DATE,CREATED_BY,CREATED_AT,IS_ACTIVE,RUN_TIME,CREATED_BY_ROLE) values (11,'asdasdasd','Complete Asset Inventory','Monthly','2026-04-05','2026-06-05','System Administrator',to_timestamp('05/05/2026 10:27:37.904000000 PM','MM/DD/RRRR HH12:MI:SSXFF AM'),1,'08:00','Admin');
Insert into RICO.TBL_SCHEDULED_REPORTS (SCHEDULE_ID,SCHEDULE_NAME,REPORT_TYPE,FREQUENCY,START_DATE,NEXT_RUN_DATE,CREATED_BY,CREATED_AT,IS_ACTIVE,RUN_TIME,CREATED_BY_ROLE) values (12,'123123','Complete Asset Inventory','Daily','2026-05-05','2026-05-06','adman',to_timestamp('05/05/2026 10:37:04.955000000 PM','MM/DD/RRRR HH12:MI:SSXFF AM'),1,'22:37','Staff');
Insert into RICO.TBL_SCHEDULED_REPORTS (SCHEDULE_ID,SCHEDULE_NAME,REPORT_TYPE,FREQUENCY,START_DATE,NEXT_RUN_DATE,CREATED_BY,CREATED_AT,IS_ACTIVE,RUN_TIME,CREATED_BY_ROLE) values (10,'asdasdasd','Complete Asset Inventory','Monthly','2026-04-05','2026-06-05','System Administrator',to_timestamp('05/05/2026 10:24:34.712000000 PM','MM/DD/RRRR HH12:MI:SSXFF AM'),1,'08:00','Admin');
REM INSERTING into RICO.USERS
SET DEFINE OFF;
Insert into RICO.USERS (USER_ID,FULL_NAME,EMAIL,DEPARTMENT,EMPLOYEE_ID,PASSWORD,IS_VERIFIED,CREATED_AT,UPDATED_AT,OTP_CODE,OTP_EXPIRES_AT,ROLE) values (27,'adman','adman@adman.com','COED','EMP-123123','$2y$10$kY62yYRsSF3EmwNL4BiBjOyowuhvxjhQGP1o2iEWZsavZhB7t.paK',1,to_timestamp('05/05/2026 10:31:04.034000000 PM','MM/DD/RRRR HH12:MI:SSXFF AM'),to_timestamp('05/05/2026 10:31:04.040000000 PM','MM/DD/RRRR HH12:MI:SSXFF AM'),null,null,'Staff');
Insert into RICO.USERS (USER_ID,FULL_NAME,EMAIL,DEPARTMENT,EMPLOYEE_ID,PASSWORD,IS_VERIFIED,CREATED_AT,UPDATED_AT,OTP_CODE,OTP_EXPIRES_AT,ROLE) values (25,'System Administrator','admin@1qcumgmt.com','IT','ADM-001','$2y$10$yp7hSwwYOUM4f9lnN9Oaiey9hbHzXuhz4t23gRaobjduv5PZme9IW',1,to_timestamp('04/22/2026 10:57:54.452000000 PM','MM/DD/RRRR HH12:MI:SSXFF AM'),to_timestamp('04/22/2026 10:57:54.452000000 PM','MM/DD/RRRR HH12:MI:SSXFF AM'),null,null,'Admin');
Insert into RICO.USERS (USER_ID,FULL_NAME,EMAIL,DEPARTMENT,EMPLOYEE_ID,PASSWORD,IS_VERIFIED,CREATED_AT,UPDATED_AT,OTP_CODE,OTP_EXPIRES_AT,ROLE) values (26,'Kurt Joel Avenido Laride','k.laride41@gmail.com','CS','2123123','$2y$10$Pp2UePgXj6eG2YCfcbhNO.JLaWbdfznqMiErgE0SebHwNldxvphbO',1,to_timestamp('04/22/2026 11:21:46.936000000 PM','MM/DD/RRRR HH12:MI:SSXFF AM'),to_timestamp('04/23/2026 08:59:32.925000000 PM','MM/DD/RRRR HH12:MI:SSXFF AM'),null,null,'Staff');
--------------------------------------------------------
--  DDL for Index IDX_AUDIT_USER
--------------------------------------------------------

  CREATE INDEX "RICO"."IDX_AUDIT_USER" ON "RICO"."TBL_AUDIT_LOGS" ("PERFORMED_BY") 
  PCTFREE 10 INITRANS 2 MAXTRANS 255 COMPUTE STATISTICS 
  STORAGE(INITIAL 65536 NEXT 1048576 MINEXTENTS 1 MAXEXTENTS 2147483645
  PCTINCREASE 0 FREELISTS 1 FREELIST GROUPS 1 BUFFER_POOL DEFAULT FLASH_CACHE DEFAULT CELL_FLASH_CACHE DEFAULT)
  TABLESPACE "SYSTEM"
--------------------------------------------------------
--  DDL for Index IDX_AUDIT_DATE
--------------------------------------------------------

  CREATE INDEX "RICO"."IDX_AUDIT_DATE" ON "RICO"."TBL_AUDIT_LOGS" ("CREATED_AT") 
  PCTFREE 10 INITRANS 2 MAXTRANS 255 COMPUTE STATISTICS 
  STORAGE(INITIAL 65536 NEXT 1048576 MINEXTENTS 1 MAXEXTENTS 2147483645
  PCTINCREASE 0 FREELISTS 1 FREELIST GROUPS 1 BUFFER_POOL DEFAULT FLASH_CACHE DEFAULT CELL_FLASH_CACHE DEFAULT)
  TABLESPACE "SYSTEM"
--------------------------------------------------------
--  DDL for Index IDX_NOTIFICATIONS_CREATED_AT
--------------------------------------------------------

  CREATE INDEX "RICO"."IDX_NOTIFICATIONS_CREATED_AT" ON "RICO"."TBL_NOTIFICATIONS" ("CREATED_AT") 
  PCTFREE 10 INITRANS 2 MAXTRANS 255 COMPUTE STATISTICS 
  STORAGE(INITIAL 65536 NEXT 1048576 MINEXTENTS 1 MAXEXTENTS 2147483645
  PCTINCREASE 0 FREELISTS 1 FREELIST GROUPS 1 BUFFER_POOL DEFAULT FLASH_CACHE DEFAULT CELL_FLASH_CACHE DEFAULT)
  TABLESPACE "SYSTEM"
--------------------------------------------------------
--  DDL for Index PK_CATEGORIES
--------------------------------------------------------

  CREATE UNIQUE INDEX "RICO"."PK_CATEGORIES" ON "RICO"."TBL_CATEGORIES" ("CATEGORY_ID") 
  PCTFREE 10 INITRANS 2 MAXTRANS 255 COMPUTE STATISTICS 
  STORAGE(INITIAL 65536 NEXT 1048576 MINEXTENTS 1 MAXEXTENTS 2147483645
  PCTINCREASE 0 FREELISTS 1 FREELIST GROUPS 1 BUFFER_POOL DEFAULT FLASH_CACHE DEFAULT CELL_FLASH_CACHE DEFAULT)
  TABLESPACE "SYSTEM"
--------------------------------------------------------
--  DDL for Index PK_SCHEDULED_REPORTS
--------------------------------------------------------

  CREATE UNIQUE INDEX "RICO"."PK_SCHEDULED_REPORTS" ON "RICO"."TBL_SCHEDULED_REPORTS" ("SCHEDULE_ID") 
  PCTFREE 10 INITRANS 2 MAXTRANS 255 COMPUTE STATISTICS 
  STORAGE(INITIAL 65536 NEXT 1048576 MINEXTENTS 1 MAXEXTENTS 2147483645
  PCTINCREASE 0 FREELISTS 1 FREELIST GROUPS 1 BUFFER_POOL DEFAULT FLASH_CACHE DEFAULT CELL_FLASH_CACHE DEFAULT)
  TABLESPACE "SYSTEM"
--------------------------------------------------------
--  DDL for Index IDX_AUDIT_ACTION
--------------------------------------------------------

  CREATE INDEX "RICO"."IDX_AUDIT_ACTION" ON "RICO"."TBL_AUDIT_LOGS" ("ACTION_TYPE") 
  PCTFREE 10 INITRANS 2 MAXTRANS 255 COMPUTE STATISTICS 
  STORAGE(INITIAL 65536 NEXT 1048576 MINEXTENTS 1 MAXEXTENTS 2147483645
  PCTINCREASE 0 FREELISTS 1 FREELIST GROUPS 1 BUFFER_POOL DEFAULT FLASH_CACHE DEFAULT CELL_FLASH_CACHE DEFAULT)
  TABLESPACE "SYSTEM"
--------------------------------------------------------
--  DDL for Index PK_PASSWORD_RESETS
--------------------------------------------------------

  CREATE UNIQUE INDEX "RICO"."PK_PASSWORD_RESETS" ON "RICO"."PASSWORD_RESETS" ("ID") 
  PCTFREE 10 INITRANS 2 MAXTRANS 255 COMPUTE STATISTICS 
  STORAGE(INITIAL 65536 NEXT 1048576 MINEXTENTS 1 MAXEXTENTS 2147483645
  PCTINCREASE 0 FREELISTS 1 FREELIST GROUPS 1 BUFFER_POOL DEFAULT FLASH_CACHE DEFAULT CELL_FLASH_CACHE DEFAULT)
  TABLESPACE "SYSTEM"
--------------------------------------------------------
--  DDL for Index PK_DELETION_REQUESTS
--------------------------------------------------------

  CREATE UNIQUE INDEX "RICO"."PK_DELETION_REQUESTS" ON "RICO"."TBL_DELETION_REQUESTS" ("REQUEST_ID") 
  PCTFREE 10 INITRANS 2 MAXTRANS 255 COMPUTE STATISTICS 
  STORAGE(INITIAL 65536 NEXT 1048576 MINEXTENTS 1 MAXEXTENTS 2147483645
  PCTINCREASE 0 FREELISTS 1 FREELIST GROUPS 1 BUFFER_POOL DEFAULT FLASH_CACHE DEFAULT CELL_FLASH_CACHE DEFAULT)
  TABLESPACE "SYSTEM"
--------------------------------------------------------
--  DDL for Index UQ_USER_EMAIL
--------------------------------------------------------

  CREATE UNIQUE INDEX "RICO"."UQ_USER_EMAIL" ON "RICO"."USERS" ("EMAIL") 
  PCTFREE 10 INITRANS 2 MAXTRANS 255 COMPUTE STATISTICS 
  STORAGE(INITIAL 65536 NEXT 1048576 MINEXTENTS 1 MAXEXTENTS 2147483645
  PCTINCREASE 0 FREELISTS 1 FREELIST GROUPS 1 BUFFER_POOL DEFAULT FLASH_CACHE DEFAULT CELL_FLASH_CACHE DEFAULT)
  TABLESPACE "SYSTEM"
--------------------------------------------------------
--  DDL for Index IDX_AUDIT_MODULE
--------------------------------------------------------

  CREATE INDEX "RICO"."IDX_AUDIT_MODULE" ON "RICO"."TBL_AUDIT_LOGS" ("MODULE") 
  PCTFREE 10 INITRANS 2 MAXTRANS 255 COMPUTE STATISTICS 
  STORAGE(INITIAL 65536 NEXT 1048576 MINEXTENTS 1 MAXEXTENTS 2147483645
  PCTINCREASE 0 FREELISTS 1 FREELIST GROUPS 1 BUFFER_POOL DEFAULT FLASH_CACHE DEFAULT CELL_FLASH_CACHE DEFAULT)
  TABLESPACE "SYSTEM"
--------------------------------------------------------
--  DDL for Index IDX_NOTIFICATIONS_IS_READ
--------------------------------------------------------

  CREATE INDEX "RICO"."IDX_NOTIFICATIONS_IS_READ" ON "RICO"."TBL_NOTIFICATIONS" ("IS_READ") 
  PCTFREE 10 INITRANS 2 MAXTRANS 255 COMPUTE STATISTICS 
  STORAGE(INITIAL 65536 NEXT 1048576 MINEXTENTS 1 MAXEXTENTS 2147483645
  PCTINCREASE 0 FREELISTS 1 FREELIST GROUPS 1 BUFFER_POOL DEFAULT FLASH_CACHE DEFAULT CELL_FLASH_CACHE DEFAULT)
  TABLESPACE "SYSTEM"
--------------------------------------------------------
--  DDL for Index PK_CUSTODIANS
--------------------------------------------------------

  CREATE UNIQUE INDEX "RICO"."PK_CUSTODIANS" ON "RICO"."TBL_CUSTODIANS" ("CUSTODIAN_ID") 
  PCTFREE 10 INITRANS 2 MAXTRANS 255 COMPUTE STATISTICS 
  STORAGE(INITIAL 65536 NEXT 1048576 MINEXTENTS 1 MAXEXTENTS 2147483645
  PCTINCREASE 0 FREELISTS 1 FREELIST GROUPS 1 BUFFER_POOL DEFAULT FLASH_CACHE DEFAULT CELL_FLASH_CACHE DEFAULT)
  TABLESPACE "SYSTEM"
--------------------------------------------------------
--  DDL for Index PK_ASSETS
--------------------------------------------------------

  CREATE UNIQUE INDEX "RICO"."PK_ASSETS" ON "RICO"."TBL_ASSETS" ("ID") 
  PCTFREE 10 INITRANS 2 MAXTRANS 255 COMPUTE STATISTICS 
  STORAGE(INITIAL 65536 NEXT 1048576 MINEXTENTS 1 MAXEXTENTS 2147483645
  PCTINCREASE 0 FREELISTS 1 FREELIST GROUPS 1 BUFFER_POOL DEFAULT FLASH_CACHE DEFAULT CELL_FLASH_CACHE DEFAULT)
  TABLESPACE "SYSTEM"
--------------------------------------------------------
--  DDL for Index PK_BORROWS
--------------------------------------------------------

  CREATE UNIQUE INDEX "RICO"."PK_BORROWS" ON "RICO"."TBL_BORROWS" ("BORROW_ID") 
  PCTFREE 10 INITRANS 2 MAXTRANS 255 COMPUTE STATISTICS 
  STORAGE(INITIAL 65536 NEXT 1048576 MINEXTENTS 1 MAXEXTENTS 2147483645
  PCTINCREASE 0 FREELISTS 1 FREELIST GROUPS 1 BUFFER_POOL DEFAULT FLASH_CACHE DEFAULT CELL_FLASH_CACHE DEFAULT)
  TABLESPACE "SYSTEM"
--------------------------------------------------------
--  DDL for Index PK_MAINTENANCE
--------------------------------------------------------

  CREATE UNIQUE INDEX "RICO"."PK_MAINTENANCE" ON "RICO"."TBL_MAINTENANCE" ("MAINTENANCE_ID") 
  PCTFREE 10 INITRANS 2 MAXTRANS 255 COMPUTE STATISTICS 
  STORAGE(INITIAL 65536 NEXT 1048576 MINEXTENTS 1 MAXEXTENTS 2147483645
  PCTINCREASE 0 FREELISTS 1 FREELIST GROUPS 1 BUFFER_POOL DEFAULT FLASH_CACHE DEFAULT CELL_FLASH_CACHE DEFAULT)
  TABLESPACE "SYSTEM"
--------------------------------------------------------
--  DDL for Index UQ_USER_EMP_ID
--------------------------------------------------------

  CREATE UNIQUE INDEX "RICO"."UQ_USER_EMP_ID" ON "RICO"."USERS" ("EMPLOYEE_ID") 
  PCTFREE 10 INITRANS 2 MAXTRANS 255 COMPUTE STATISTICS 
  STORAGE(INITIAL 65536 NEXT 1048576 MINEXTENTS 1 MAXEXTENTS 2147483645
  PCTINCREASE 0 FREELISTS 1 FREELIST GROUPS 1 BUFFER_POOL DEFAULT FLASH_CACHE DEFAULT CELL_FLASH_CACHE DEFAULT)
  TABLESPACE "SYSTEM"
--------------------------------------------------------
--  DDL for Index PK_ITEM_TYPES
--------------------------------------------------------

  CREATE UNIQUE INDEX "RICO"."PK_ITEM_TYPES" ON "RICO"."TBL_ITEM_TYPES" ("ITEM_TYPE_ID") 
  PCTFREE 10 INITRANS 2 MAXTRANS 255 COMPUTE STATISTICS 
  STORAGE(INITIAL 65536 NEXT 1048576 MINEXTENTS 1 MAXEXTENTS 2147483645
  PCTINCREASE 0 FREELISTS 1 FREELIST GROUPS 1 BUFFER_POOL DEFAULT FLASH_CACHE DEFAULT CELL_FLASH_CACHE DEFAULT)
  TABLESPACE "SYSTEM"
--------------------------------------------------------
--  DDL for Index UQ_ASSETS_QRCODE
--------------------------------------------------------

  CREATE UNIQUE INDEX "RICO"."UQ_ASSETS_QRCODE" ON "RICO"."TBL_ASSETS" ("QR_CODE") 
  PCTFREE 10 INITRANS 2 MAXTRANS 255 COMPUTE STATISTICS 
  STORAGE(INITIAL 65536 NEXT 1048576 MINEXTENTS 1 MAXEXTENTS 2147483645
  PCTINCREASE 0 FREELISTS 1 FREELIST GROUPS 1 BUFFER_POOL DEFAULT FLASH_CACHE DEFAULT CELL_FLASH_CACHE DEFAULT)
  TABLESPACE "SYSTEM"
--------------------------------------------------------
--  DDL for Index PK_AUDIT_LOGS
--------------------------------------------------------

  CREATE UNIQUE INDEX "RICO"."PK_AUDIT_LOGS" ON "RICO"."TBL_AUDIT_LOGS" ("LOG_ID") 
  PCTFREE 10 INITRANS 2 MAXTRANS 255 COMPUTE STATISTICS 
  STORAGE(INITIAL 65536 NEXT 1048576 MINEXTENTS 1 MAXEXTENTS 2147483645
  PCTINCREASE 0 FREELISTS 1 FREELIST GROUPS 1 BUFFER_POOL DEFAULT FLASH_CACHE DEFAULT CELL_FLASH_CACHE DEFAULT)
  TABLESPACE "SYSTEM"
--------------------------------------------------------
--  DDL for Index UQ_ASSETS_ASSET_ID
--------------------------------------------------------

  CREATE UNIQUE INDEX "RICO"."UQ_ASSETS_ASSET_ID" ON "RICO"."TBL_ASSETS" ("ASSET_ID") 
  PCTFREE 10 INITRANS 2 MAXTRANS 255 COMPUTE STATISTICS 
  STORAGE(INITIAL 65536 NEXT 1048576 MINEXTENTS 1 MAXEXTENTS 2147483645
  PCTINCREASE 0 FREELISTS 1 FREELIST GROUPS 1 BUFFER_POOL DEFAULT FLASH_CACHE DEFAULT CELL_FLASH_CACHE DEFAULT)
  TABLESPACE "SYSTEM"
--------------------------------------------------------
--  DDL for Index PK_MAINTENANCE_TYPES
--------------------------------------------------------

  CREATE UNIQUE INDEX "RICO"."PK_MAINTENANCE_TYPES" ON "RICO"."TBL_MAINTENANCE_TYPES" ("TYPE_ID") 
  PCTFREE 10 INITRANS 2 MAXTRANS 255 COMPUTE STATISTICS 
  STORAGE(INITIAL 65536 NEXT 1048576 MINEXTENTS 1 MAXEXTENTS 2147483645
  PCTINCREASE 0 FREELISTS 1 FREELIST GROUPS 1 BUFFER_POOL DEFAULT FLASH_CACHE DEFAULT CELL_FLASH_CACHE DEFAULT)
  TABLESPACE "SYSTEM"
--------------------------------------------------------
--  DDL for Index PK_REPORTS
--------------------------------------------------------

  CREATE UNIQUE INDEX "RICO"."PK_REPORTS" ON "RICO"."TBL_REPORTS" ("REPORT_ID") 
  PCTFREE 10 INITRANS 2 MAXTRANS 255 COMPUTE STATISTICS 
  STORAGE(INITIAL 65536 NEXT 1048576 MINEXTENTS 1 MAXEXTENTS 2147483645
  PCTINCREASE 0 FREELISTS 1 FREELIST GROUPS 1 BUFFER_POOL DEFAULT FLASH_CACHE DEFAULT CELL_FLASH_CACHE DEFAULT)
  TABLESPACE "SYSTEM"
--------------------------------------------------------
--  DDL for Index IDX_NOTIFICATIONS_USER_ID
--------------------------------------------------------

  CREATE INDEX "RICO"."IDX_NOTIFICATIONS_USER_ID" ON "RICO"."TBL_NOTIFICATIONS" ("USER_ID") 
  PCTFREE 10 INITRANS 2 MAXTRANS 255 COMPUTE STATISTICS 
  STORAGE(INITIAL 65536 NEXT 1048576 MINEXTENTS 1 MAXEXTENTS 2147483645
  PCTINCREASE 0 FREELISTS 1 FREELIST GROUPS 1 BUFFER_POOL DEFAULT FLASH_CACHE DEFAULT CELL_FLASH_CACHE DEFAULT)
  TABLESPACE "SYSTEM"
--------------------------------------------------------
--  DDL for Index PK_USERS
--------------------------------------------------------

  CREATE UNIQUE INDEX "RICO"."PK_USERS" ON "RICO"."USERS" ("USER_ID") 
  PCTFREE 10 INITRANS 2 MAXTRANS 255 COMPUTE STATISTICS 
  STORAGE(INITIAL 65536 NEXT 1048576 MINEXTENTS 1 MAXEXTENTS 2147483645
  PCTINCREASE 0 FREELISTS 1 FREELIST GROUPS 1 BUFFER_POOL DEFAULT FLASH_CACHE DEFAULT CELL_FLASH_CACHE DEFAULT)
  TABLESPACE "SYSTEM"
--------------------------------------------------------
--  DDL for Index REMEMBER_TOKENS_PK
--------------------------------------------------------

  CREATE UNIQUE INDEX "RICO"."REMEMBER_TOKENS_PK" ON "RICO"."REMEMBER_TOKENS" ("ID") 
  PCTFREE 10 INITRANS 2 MAXTRANS 255 COMPUTE STATISTICS 
  STORAGE(INITIAL 65536 NEXT 1048576 MINEXTENTS 1 MAXEXTENTS 2147483645
  PCTINCREASE 0 FREELISTS 1 FREELIST GROUPS 1 BUFFER_POOL DEFAULT FLASH_CACHE DEFAULT CELL_FLASH_CACHE DEFAULT)
  TABLESPACE "SYSTEM"
--------------------------------------------------------
--  DDL for Index PK_DEPARTMENTS
--------------------------------------------------------

  CREATE UNIQUE INDEX "RICO"."PK_DEPARTMENTS" ON "RICO"."TBL_DEPARTMENTS" ("DEPARTMENT_ID") 
  PCTFREE 10 INITRANS 2 MAXTRANS 255 COMPUTE STATISTICS 
  STORAGE(INITIAL 65536 NEXT 1048576 MINEXTENTS 1 MAXEXTENTS 2147483645
  PCTINCREASE 0 FREELISTS 1 FREELIST GROUPS 1 BUFFER_POOL DEFAULT FLASH_CACHE DEFAULT CELL_FLASH_CACHE DEFAULT)
  TABLESPACE "SYSTEM"
--------------------------------------------------------
--  DDL for Trigger NOTIFICATIONS_BEFORE_INSERT
--------------------------------------------------------

  CREATE OR REPLACE TRIGGER "RICO"."NOTIFICATIONS_BEFORE_INSERT" 
BEFORE INSERT ON tbl_notifications
FOR EACH ROW
BEGIN
  IF :NEW.notification_id IS NULL THEN
    SELECT notifications_seq.NEXTVAL INTO :NEW.notification_id FROM dual;
  END IF;
  :NEW.created_at := CURRENT_TIMESTAMP;
END;

ALTER TRIGGER "RICO"."NOTIFICATIONS_BEFORE_INSERT" ENABLE
--------------------------------------------------------
--  DDL for Trigger PASSWORD_RESETS_TRIGGER
--------------------------------------------------------

  CREATE OR REPLACE TRIGGER "RICO"."PASSWORD_RESETS_TRIGGER" 
BEFORE INSERT ON PASSWORD_RESETS FOR EACH ROW
BEGIN
    SELECT PASSWORD_RESETS_SEQ.NEXTVAL INTO :NEW.ID FROM DUAL;
END;

ALTER TRIGGER "RICO"."PASSWORD_RESETS_TRIGGER" ENABLE
--------------------------------------------------------
--  DDL for Trigger REMEMBER_TOKENS_BI
--------------------------------------------------------

  CREATE OR REPLACE TRIGGER "RICO"."REMEMBER_TOKENS_BI" 
BEFORE INSERT ON REMEMBER_TOKENS FOR EACH ROW
BEGIN
    IF :NEW.ID IS NULL THEN
        SELECT REMEMBER_TOKENS_SEQ.NEXTVAL INTO :NEW.ID FROM DUAL;
    END IF;
END;

ALTER TRIGGER "RICO"."REMEMBER_TOKENS_BI" ENABLE
--------------------------------------------------------
--  DDL for Trigger TBL_ASSETS_BIR
--------------------------------------------------------

  CREATE OR REPLACE TRIGGER "RICO"."TBL_ASSETS_BIR" 
BEFORE INSERT ON TBL_ASSETS FOR EACH ROW
BEGIN
    SELECT ASSET_ID_SEQ.NEXTVAL INTO :NEW.ID FROM DUAL;
END;

ALTER TRIGGER "RICO"."TBL_ASSETS_BIR" ENABLE
--------------------------------------------------------
--  DDL for Trigger TBL_AUDIT_LOGS_BIR
--------------------------------------------------------

  CREATE OR REPLACE TRIGGER "RICO"."TBL_AUDIT_LOGS_BIR" 
BEFORE INSERT ON TBL_AUDIT_LOGS FOR EACH ROW
BEGIN
    SELECT AUDIT_SEQ.NEXTVAL INTO :NEW.LOG_ID FROM DUAL;
END;

ALTER TRIGGER "RICO"."TBL_AUDIT_LOGS_BIR" ENABLE
--------------------------------------------------------
--  DDL for Trigger TBL_BORROWS_BIR
--------------------------------------------------------

  CREATE OR REPLACE TRIGGER "RICO"."TBL_BORROWS_BIR" 
BEFORE INSERT ON TBL_BORROWS FOR EACH ROW
BEGIN
    SELECT BORROW_SEQ.NEXTVAL INTO :NEW.BORROW_ID FROM DUAL;
END;

ALTER TRIGGER "RICO"."TBL_BORROWS_BIR" ENABLE
--------------------------------------------------------
--  DDL for Trigger TBL_CAT_BIR
--------------------------------------------------------

  CREATE OR REPLACE TRIGGER "RICO"."TBL_CAT_BIR" 
BEFORE INSERT ON TBL_CATEGORIES FOR EACH ROW
BEGIN
    SELECT CAT_SEQ.NEXTVAL INTO :NEW.CATEGORY_ID FROM DUAL;
END;

ALTER TRIGGER "RICO"."TBL_CAT_BIR" ENABLE
--------------------------------------------------------
--  DDL for Trigger TBL_DEPT_BIR
--------------------------------------------------------

  CREATE OR REPLACE TRIGGER "RICO"."TBL_DEPT_BIR" 
BEFORE INSERT ON TBL_DEPARTMENTS FOR EACH ROW
BEGIN
    SELECT DEPT_SEQ.NEXTVAL INTO :NEW.DEPARTMENT_ID FROM DUAL;
END;

ALTER TRIGGER "RICO"."TBL_DEPT_BIR" ENABLE
--------------------------------------------------------
--  DDL for Trigger TBL_ITEM_TYPE_BIR
--------------------------------------------------------

  CREATE OR REPLACE TRIGGER "RICO"."TBL_ITEM_TYPE_BIR" 
BEFORE INSERT ON TBL_ITEM_TYPES FOR EACH ROW
BEGIN
    SELECT ITEM_TYPE_SEQ.NEXTVAL INTO :NEW.ITEM_TYPE_ID FROM DUAL;
END;

ALTER TRIGGER "RICO"."TBL_ITEM_TYPE_BIR" ENABLE
--------------------------------------------------------
--  DDL for Trigger TBL_MAINTENANCE_BIR
--------------------------------------------------------

  CREATE OR REPLACE TRIGGER "RICO"."TBL_MAINTENANCE_BIR" 
BEFORE INSERT ON TBL_MAINTENANCE FOR EACH ROW
BEGIN
    SELECT MAINT_SEQ.NEXTVAL INTO :NEW.MAINTENANCE_ID FROM DUAL;
END;

ALTER TRIGGER "RICO"."TBL_MAINTENANCE_BIR" ENABLE
--------------------------------------------------------
--  DDL for Trigger TBL_MAINT_TYPES_BIR
--------------------------------------------------------

  CREATE OR REPLACE TRIGGER "RICO"."TBL_MAINT_TYPES_BIR" 
BEFORE INSERT ON TBL_MAINTENANCE_TYPES FOR EACH ROW
BEGIN
    SELECT MAINT_TYPE_SEQ.NEXTVAL INTO :NEW.TYPE_ID FROM DUAL;
END;

ALTER TRIGGER "RICO"."TBL_MAINT_TYPES_BIR" ENABLE
--------------------------------------------------------
--  DDL for Trigger USERS_BEFORE_INSERT
--------------------------------------------------------

  CREATE OR REPLACE TRIGGER "RICO"."USERS_BEFORE_INSERT" 
BEFORE INSERT ON USERS FOR EACH ROW
BEGIN
    IF :NEW.USER_ID IS NULL THEN
        SELECT USERS_SEQ.NEXTVAL INTO :NEW.USER_ID FROM DUAL;
    END IF;
    :NEW.CREATED_AT := CURRENT_TIMESTAMP;
    :NEW.UPDATED_AT := CURRENT_TIMESTAMP;
END;

ALTER TRIGGER "RICO"."USERS_BEFORE_INSERT" ENABLE
--------------------------------------------------------
--  DDL for Trigger USERS_BEFORE_UPDATE
--------------------------------------------------------

  CREATE OR REPLACE TRIGGER "RICO"."USERS_BEFORE_UPDATE" 
BEFORE UPDATE ON USERS FOR EACH ROW
BEGIN
    :NEW.UPDATED_AT := CURRENT_TIMESTAMP;
END;

ALTER TRIGGER "RICO"."USERS_BEFORE_UPDATE" ENABLE
--------------------------------------------------------
--  Constraints for Table TBL_REPORTS
--------------------------------------------------------

  ALTER TABLE "RICO"."TBL_REPORTS" ADD CONSTRAINT "PK_REPORTS" PRIMARY KEY ("REPORT_ID")
  USING INDEX PCTFREE 10 INITRANS 2 MAXTRANS 255 COMPUTE STATISTICS 
  STORAGE(INITIAL 65536 NEXT 1048576 MINEXTENTS 1 MAXEXTENTS 2147483645
  PCTINCREASE 0 FREELISTS 1 FREELIST GROUPS 1 BUFFER_POOL DEFAULT FLASH_CACHE DEFAULT CELL_FLASH_CACHE DEFAULT)
  TABLESPACE "SYSTEM"  ENABLE
  ALTER TABLE "RICO"."TBL_REPORTS" MODIFY ("REPORT_TYPE" NOT NULL ENABLE)
  ALTER TABLE "RICO"."TBL_REPORTS" MODIFY ("REPORT_NAME" NOT NULL ENABLE)
--------------------------------------------------------
--  Constraints for Table TBL_DEPARTMENTS
--------------------------------------------------------

  ALTER TABLE "RICO"."TBL_DEPARTMENTS" ADD CONSTRAINT "PK_DEPARTMENTS" PRIMARY KEY ("DEPARTMENT_ID")
  USING INDEX PCTFREE 10 INITRANS 2 MAXTRANS 255 COMPUTE STATISTICS 
  STORAGE(INITIAL 65536 NEXT 1048576 MINEXTENTS 1 MAXEXTENTS 2147483645
  PCTINCREASE 0 FREELISTS 1 FREELIST GROUPS 1 BUFFER_POOL DEFAULT FLASH_CACHE DEFAULT CELL_FLASH_CACHE DEFAULT)
  TABLESPACE "SYSTEM"  ENABLE
  ALTER TABLE "RICO"."TBL_DEPARTMENTS" MODIFY ("DEPARTMENT_NAME" NOT NULL ENABLE)
--------------------------------------------------------
--  Constraints for Table USERS
--------------------------------------------------------

  ALTER TABLE "RICO"."USERS" ADD CONSTRAINT "UQ_USER_EMP_ID" UNIQUE ("EMPLOYEE_ID")
  USING INDEX PCTFREE 10 INITRANS 2 MAXTRANS 255 COMPUTE STATISTICS 
  STORAGE(INITIAL 65536 NEXT 1048576 MINEXTENTS 1 MAXEXTENTS 2147483645
  PCTINCREASE 0 FREELISTS 1 FREELIST GROUPS 1 BUFFER_POOL DEFAULT FLASH_CACHE DEFAULT CELL_FLASH_CACHE DEFAULT)
  TABLESPACE "SYSTEM"  ENABLE
  ALTER TABLE "RICO"."USERS" ADD CONSTRAINT "UQ_USER_EMAIL" UNIQUE ("EMAIL")
  USING INDEX PCTFREE 10 INITRANS 2 MAXTRANS 255 COMPUTE STATISTICS 
  STORAGE(INITIAL 65536 NEXT 1048576 MINEXTENTS 1 MAXEXTENTS 2147483645
  PCTINCREASE 0 FREELISTS 1 FREELIST GROUPS 1 BUFFER_POOL DEFAULT FLASH_CACHE DEFAULT CELL_FLASH_CACHE DEFAULT)
  TABLESPACE "SYSTEM"  ENABLE
  ALTER TABLE "RICO"."USERS" ADD CONSTRAINT "PK_USERS" PRIMARY KEY ("USER_ID")
  USING INDEX PCTFREE 10 INITRANS 2 MAXTRANS 255 COMPUTE STATISTICS 
  STORAGE(INITIAL 65536 NEXT 1048576 MINEXTENTS 1 MAXEXTENTS 2147483645
  PCTINCREASE 0 FREELISTS 1 FREELIST GROUPS 1 BUFFER_POOL DEFAULT FLASH_CACHE DEFAULT CELL_FLASH_CACHE DEFAULT)
  TABLESPACE "SYSTEM"  ENABLE
  ALTER TABLE "RICO"."USERS" ADD CONSTRAINT "CHK_USER_ROLE" CHECK (ROLE IN ('Staff', 'Admin')) ENABLE
  ALTER TABLE "RICO"."USERS" MODIFY ("ROLE" NOT NULL ENABLE)
  ALTER TABLE "RICO"."USERS" MODIFY ("PASSWORD" NOT NULL ENABLE)
  ALTER TABLE "RICO"."USERS" MODIFY ("EMPLOYEE_ID" NOT NULL ENABLE)
  ALTER TABLE "RICO"."USERS" MODIFY ("DEPARTMENT" NOT NULL ENABLE)
  ALTER TABLE "RICO"."USERS" MODIFY ("EMAIL" NOT NULL ENABLE)
  ALTER TABLE "RICO"."USERS" MODIFY ("FULL_NAME" NOT NULL ENABLE)
--------------------------------------------------------
--  Constraints for Table PASSWORD_RESETS
--------------------------------------------------------

  ALTER TABLE "RICO"."PASSWORD_RESETS" ADD CONSTRAINT "PK_PASSWORD_RESETS" PRIMARY KEY ("ID")
  USING INDEX PCTFREE 10 INITRANS 2 MAXTRANS 255 COMPUTE STATISTICS 
  STORAGE(INITIAL 65536 NEXT 1048576 MINEXTENTS 1 MAXEXTENTS 2147483645
  PCTINCREASE 0 FREELISTS 1 FREELIST GROUPS 1 BUFFER_POOL DEFAULT FLASH_CACHE DEFAULT CELL_FLASH_CACHE DEFAULT)
  TABLESPACE "SYSTEM"  ENABLE
  ALTER TABLE "RICO"."PASSWORD_RESETS" MODIFY ("EXPIRES_AT" NOT NULL ENABLE)
  ALTER TABLE "RICO"."PASSWORD_RESETS" MODIFY ("OTP_HASH" NOT NULL ENABLE)
  ALTER TABLE "RICO"."PASSWORD_RESETS" MODIFY ("EMAIL" NOT NULL ENABLE)
--------------------------------------------------------
--  Constraints for Table TBL_CUSTODIANS
--------------------------------------------------------

  ALTER TABLE "RICO"."TBL_CUSTODIANS" MODIFY ("CREATED_AT" NOT NULL ENABLE)
  ALTER TABLE "RICO"."TBL_CUSTODIANS" MODIFY ("STATUS" NOT NULL ENABLE)
  ALTER TABLE "RICO"."TBL_CUSTODIANS" MODIFY ("LAST_NAME" NOT NULL ENABLE)
  ALTER TABLE "RICO"."TBL_CUSTODIANS" MODIFY ("FIRST_NAME" NOT NULL ENABLE)
  ALTER TABLE "RICO"."TBL_CUSTODIANS" MODIFY ("DEPARTMENT_ID" NOT NULL ENABLE)
  ALTER TABLE "RICO"."TBL_CUSTODIANS" ADD CONSTRAINT "PK_CUSTODIANS" PRIMARY KEY ("CUSTODIAN_ID")
  USING INDEX PCTFREE 10 INITRANS 2 MAXTRANS 255 COMPUTE STATISTICS 
  STORAGE(INITIAL 65536 NEXT 1048576 MINEXTENTS 1 MAXEXTENTS 2147483645
  PCTINCREASE 0 FREELISTS 1 FREELIST GROUPS 1 BUFFER_POOL DEFAULT FLASH_CACHE DEFAULT CELL_FLASH_CACHE DEFAULT)
  TABLESPACE "SYSTEM"  ENABLE
--------------------------------------------------------
--  Constraints for Table TBL_MAINTENANCE_TYPES
--------------------------------------------------------

  ALTER TABLE "RICO"."TBL_MAINTENANCE_TYPES" ADD CONSTRAINT "PK_MAINTENANCE_TYPES" PRIMARY KEY ("TYPE_ID")
  USING INDEX PCTFREE 10 INITRANS 2 MAXTRANS 255 COMPUTE STATISTICS 
  STORAGE(INITIAL 65536 NEXT 1048576 MINEXTENTS 1 MAXEXTENTS 2147483645
  PCTINCREASE 0 FREELISTS 1 FREELIST GROUPS 1 BUFFER_POOL DEFAULT FLASH_CACHE DEFAULT CELL_FLASH_CACHE DEFAULT)
  TABLESPACE "SYSTEM"  ENABLE
  ALTER TABLE "RICO"."TBL_MAINTENANCE_TYPES" MODIFY ("TYPE_NAME" NOT NULL ENABLE)
--------------------------------------------------------
--  Constraints for Table TBL_SCHEDULED_REPORTS
--------------------------------------------------------

  ALTER TABLE "RICO"."TBL_SCHEDULED_REPORTS" ADD CONSTRAINT "PK_SCHEDULED_REPORTS" PRIMARY KEY ("SCHEDULE_ID")
  USING INDEX PCTFREE 10 INITRANS 2 MAXTRANS 255 COMPUTE STATISTICS 
  STORAGE(INITIAL 65536 NEXT 1048576 MINEXTENTS 1 MAXEXTENTS 2147483645
  PCTINCREASE 0 FREELISTS 1 FREELIST GROUPS 1 BUFFER_POOL DEFAULT FLASH_CACHE DEFAULT CELL_FLASH_CACHE DEFAULT)
  TABLESPACE "SYSTEM"  ENABLE
  ALTER TABLE "RICO"."TBL_SCHEDULED_REPORTS" MODIFY ("RUN_TIME" NOT NULL ENABLE)
  ALTER TABLE "RICO"."TBL_SCHEDULED_REPORTS" MODIFY ("START_DATE" NOT NULL ENABLE)
  ALTER TABLE "RICO"."TBL_SCHEDULED_REPORTS" MODIFY ("FREQUENCY" NOT NULL ENABLE)
  ALTER TABLE "RICO"."TBL_SCHEDULED_REPORTS" MODIFY ("REPORT_TYPE" NOT NULL ENABLE)
  ALTER TABLE "RICO"."TBL_SCHEDULED_REPORTS" MODIFY ("SCHEDULE_NAME" NOT NULL ENABLE)
--------------------------------------------------------
--  Constraints for Table TBL_CATEGORIES
--------------------------------------------------------

  ALTER TABLE "RICO"."TBL_CATEGORIES" ADD CONSTRAINT "PK_CATEGORIES" PRIMARY KEY ("CATEGORY_ID")
  USING INDEX PCTFREE 10 INITRANS 2 MAXTRANS 255 COMPUTE STATISTICS 
  STORAGE(INITIAL 65536 NEXT 1048576 MINEXTENTS 1 MAXEXTENTS 2147483645
  PCTINCREASE 0 FREELISTS 1 FREELIST GROUPS 1 BUFFER_POOL DEFAULT FLASH_CACHE DEFAULT CELL_FLASH_CACHE DEFAULT)
  TABLESPACE "SYSTEM"  ENABLE
  ALTER TABLE "RICO"."TBL_CATEGORIES" MODIFY ("CATEGORY_NAME" NOT NULL ENABLE)
--------------------------------------------------------
--  Constraints for Table REMEMBER_TOKENS
--------------------------------------------------------

  ALTER TABLE "RICO"."REMEMBER_TOKENS" ADD CONSTRAINT "REMEMBER_TOKENS_PK" PRIMARY KEY ("ID")
  USING INDEX PCTFREE 10 INITRANS 2 MAXTRANS 255 COMPUTE STATISTICS 
  STORAGE(INITIAL 65536 NEXT 1048576 MINEXTENTS 1 MAXEXTENTS 2147483645
  PCTINCREASE 0 FREELISTS 1 FREELIST GROUPS 1 BUFFER_POOL DEFAULT FLASH_CACHE DEFAULT CELL_FLASH_CACHE DEFAULT)
  TABLESPACE "SYSTEM"  ENABLE
  ALTER TABLE "RICO"."REMEMBER_TOKENS" MODIFY ("EXPIRES_AT" NOT NULL ENABLE)
  ALTER TABLE "RICO"."REMEMBER_TOKENS" MODIFY ("TOKEN_HASH" NOT NULL ENABLE)
  ALTER TABLE "RICO"."REMEMBER_TOKENS" MODIFY ("USER_ID" NOT NULL ENABLE)
  ALTER TABLE "RICO"."REMEMBER_TOKENS" MODIFY ("ID" NOT NULL ENABLE)
--------------------------------------------------------
--  Constraints for Table TBL_BORROWS
--------------------------------------------------------

  ALTER TABLE "RICO"."TBL_BORROWS" ADD CONSTRAINT "PK_BORROWS" PRIMARY KEY ("BORROW_ID")
  USING INDEX PCTFREE 10 INITRANS 2 MAXTRANS 255 COMPUTE STATISTICS 
  STORAGE(INITIAL 65536 NEXT 1048576 MINEXTENTS 1 MAXEXTENTS 2147483645
  PCTINCREASE 0 FREELISTS 1 FREELIST GROUPS 1 BUFFER_POOL DEFAULT FLASH_CACHE DEFAULT CELL_FLASH_CACHE DEFAULT)
  TABLESPACE "SYSTEM"  ENABLE
  ALTER TABLE "RICO"."TBL_BORROWS" ADD CONSTRAINT "CHK_BORROW_STATUS" CHECK (STATUS IN ('Pending','Borrowed','Returned','Overdue','Cancelled')) ENABLE
  ALTER TABLE "RICO"."TBL_BORROWS" MODIFY ("DUE_DATE" NOT NULL ENABLE)
  ALTER TABLE "RICO"."TBL_BORROWS" MODIFY ("BORROW_DATE" NOT NULL ENABLE)
  ALTER TABLE "RICO"."TBL_BORROWS" MODIFY ("LAST_NAME" NOT NULL ENABLE)
  ALTER TABLE "RICO"."TBL_BORROWS" MODIFY ("FIRST_NAME" NOT NULL ENABLE)
  ALTER TABLE "RICO"."TBL_BORROWS" MODIFY ("DEPARTMENT_ID" NOT NULL ENABLE)
  ALTER TABLE "RICO"."TBL_BORROWS" MODIFY ("ASSET_ID" NOT NULL ENABLE)
--------------------------------------------------------
--  Constraints for Table TBL_AUDIT_LOGS
--------------------------------------------------------

  ALTER TABLE "RICO"."TBL_AUDIT_LOGS" ADD CONSTRAINT "PK_AUDIT_LOGS" PRIMARY KEY ("LOG_ID")
  USING INDEX PCTFREE 10 INITRANS 2 MAXTRANS 255 COMPUTE STATISTICS 
  STORAGE(INITIAL 65536 NEXT 1048576 MINEXTENTS 1 MAXEXTENTS 2147483645
  PCTINCREASE 0 FREELISTS 1 FREELIST GROUPS 1 BUFFER_POOL DEFAULT FLASH_CACHE DEFAULT CELL_FLASH_CACHE DEFAULT)
  TABLESPACE "SYSTEM"  ENABLE
  ALTER TABLE "RICO"."TBL_AUDIT_LOGS" MODIFY ("DESCRIPTION" NOT NULL ENABLE)
  ALTER TABLE "RICO"."TBL_AUDIT_LOGS" MODIFY ("PERFORMED_BY" NOT NULL ENABLE)
  ALTER TABLE "RICO"."TBL_AUDIT_LOGS" MODIFY ("MODULE" NOT NULL ENABLE)
  ALTER TABLE "RICO"."TBL_AUDIT_LOGS" MODIFY ("ACTION_TYPE" NOT NULL ENABLE)
  ALTER TABLE "RICO"."TBL_AUDIT_LOGS" MODIFY ("LOG_ID" NOT NULL ENABLE)
--------------------------------------------------------
--  Constraints for Table TBL_DELETION_REQUESTS
--------------------------------------------------------

  ALTER TABLE "RICO"."TBL_DELETION_REQUESTS" ADD CONSTRAINT "PK_DELETION_REQUESTS" PRIMARY KEY ("REQUEST_ID")
  USING INDEX PCTFREE 10 INITRANS 2 MAXTRANS 255 COMPUTE STATISTICS 
  STORAGE(INITIAL 65536 NEXT 1048576 MINEXTENTS 1 MAXEXTENTS 2147483645
  PCTINCREASE 0 FREELISTS 1 FREELIST GROUPS 1 BUFFER_POOL DEFAULT FLASH_CACHE DEFAULT CELL_FLASH_CACHE DEFAULT)
  TABLESPACE "SYSTEM"  ENABLE
  ALTER TABLE "RICO"."TBL_DELETION_REQUESTS" ADD CONSTRAINT "CHK_DELREQ_STATUS" CHECK (STATUS IN ('Pending','Approved','Rejected')) ENABLE
  ALTER TABLE "RICO"."TBL_DELETION_REQUESTS" MODIFY ("REASON" NOT NULL ENABLE)
  ALTER TABLE "RICO"."TBL_DELETION_REQUESTS" MODIFY ("REQUESTED_BY" NOT NULL ENABLE)
  ALTER TABLE "RICO"."TBL_DELETION_REQUESTS" MODIFY ("ASSET_ID" NOT NULL ENABLE)
  ALTER TABLE "RICO"."TBL_DELETION_REQUESTS" MODIFY ("REQUEST_ID" NOT NULL ENABLE)
--------------------------------------------------------
--  Constraints for Table TBL_NOTIFICATIONS
--------------------------------------------------------

  ALTER TABLE "RICO"."TBL_NOTIFICATIONS" ADD PRIMARY KEY ("NOTIFICATION_ID")
  USING INDEX PCTFREE 10 INITRANS 2 MAXTRANS 255 
  STORAGE(INITIAL 65536 NEXT 1048576 MINEXTENTS 1 MAXEXTENTS 2147483645
  PCTINCREASE 0 FREELISTS 1 FREELIST GROUPS 1 BUFFER_POOL DEFAULT FLASH_CACHE DEFAULT CELL_FLASH_CACHE DEFAULT)
  TABLESPACE "SYSTEM"  ENABLE
  ALTER TABLE "RICO"."TBL_NOTIFICATIONS" MODIFY ("TYPE" NOT NULL ENABLE)
  ALTER TABLE "RICO"."TBL_NOTIFICATIONS" MODIFY ("MESSAGE" NOT NULL ENABLE)
  ALTER TABLE "RICO"."TBL_NOTIFICATIONS" MODIFY ("TITLE" NOT NULL ENABLE)
  ALTER TABLE "RICO"."TBL_NOTIFICATIONS" MODIFY ("USER_ID" NOT NULL ENABLE)
--------------------------------------------------------
--  Constraints for Table TBL_ASSETS
--------------------------------------------------------

  ALTER TABLE "RICO"."TBL_ASSETS" ADD CONSTRAINT "UQ_ASSETS_QRCODE" UNIQUE ("QR_CODE")
  USING INDEX PCTFREE 10 INITRANS 2 MAXTRANS 255 COMPUTE STATISTICS 
  STORAGE(INITIAL 65536 NEXT 1048576 MINEXTENTS 1 MAXEXTENTS 2147483645
  PCTINCREASE 0 FREELISTS 1 FREELIST GROUPS 1 BUFFER_POOL DEFAULT FLASH_CACHE DEFAULT CELL_FLASH_CACHE DEFAULT)
  TABLESPACE "SYSTEM"  ENABLE
  ALTER TABLE "RICO"."TBL_ASSETS" ADD CONSTRAINT "UQ_ASSETS_ASSET_ID" UNIQUE ("ASSET_ID")
  USING INDEX PCTFREE 10 INITRANS 2 MAXTRANS 255 COMPUTE STATISTICS 
  STORAGE(INITIAL 65536 NEXT 1048576 MINEXTENTS 1 MAXEXTENTS 2147483645
  PCTINCREASE 0 FREELISTS 1 FREELIST GROUPS 1 BUFFER_POOL DEFAULT FLASH_CACHE DEFAULT CELL_FLASH_CACHE DEFAULT)
  TABLESPACE "SYSTEM"  ENABLE
  ALTER TABLE "RICO"."TBL_ASSETS" ADD CONSTRAINT "PK_ASSETS" PRIMARY KEY ("ID")
  USING INDEX PCTFREE 10 INITRANS 2 MAXTRANS 255 COMPUTE STATISTICS 
  STORAGE(INITIAL 65536 NEXT 1048576 MINEXTENTS 1 MAXEXTENTS 2147483645
  PCTINCREASE 0 FREELISTS 1 FREELIST GROUPS 1 BUFFER_POOL DEFAULT FLASH_CACHE DEFAULT CELL_FLASH_CACHE DEFAULT)
  TABLESPACE "SYSTEM"  ENABLE
  ALTER TABLE "RICO"."TBL_ASSETS" ADD CONSTRAINT "CHK_ASSET_DELETED" CHECK (IS_DELETED   IN (0, 1)) ENABLE
  ALTER TABLE "RICO"."TBL_ASSETS" ADD CONSTRAINT "CHK_ASSET_CERTIFIED" CHECK (IS_CERTIFIED IN (0, 1)) ENABLE
  ALTER TABLE "RICO"."TBL_ASSETS" MODIFY ("DESCRIPTION" NOT NULL ENABLE)
  ALTER TABLE "RICO"."TBL_ASSETS" MODIFY ("QR_CODE" NOT NULL ENABLE)
  ALTER TABLE "RICO"."TBL_ASSETS" MODIFY ("ASSET_ID" NOT NULL ENABLE)
--------------------------------------------------------
--  Constraints for Table TBL_ITEM_TYPES
--------------------------------------------------------

  ALTER TABLE "RICO"."TBL_ITEM_TYPES" ADD CONSTRAINT "PK_ITEM_TYPES" PRIMARY KEY ("ITEM_TYPE_ID")
  USING INDEX PCTFREE 10 INITRANS 2 MAXTRANS 255 COMPUTE STATISTICS 
  STORAGE(INITIAL 65536 NEXT 1048576 MINEXTENTS 1 MAXEXTENTS 2147483645
  PCTINCREASE 0 FREELISTS 1 FREELIST GROUPS 1 BUFFER_POOL DEFAULT FLASH_CACHE DEFAULT CELL_FLASH_CACHE DEFAULT)
  TABLESPACE "SYSTEM"  ENABLE
  ALTER TABLE "RICO"."TBL_ITEM_TYPES" MODIFY ("ITEM_TYPE_CODE" NOT NULL ENABLE)
  ALTER TABLE "RICO"."TBL_ITEM_TYPES" MODIFY ("ITEM_TYPE_NAME" NOT NULL ENABLE)
--------------------------------------------------------
--  Constraints for Table TBL_MAINTENANCE
--------------------------------------------------------

  ALTER TABLE "RICO"."TBL_MAINTENANCE" ADD CONSTRAINT "PK_MAINTENANCE" PRIMARY KEY ("MAINTENANCE_ID")
  USING INDEX PCTFREE 10 INITRANS 2 MAXTRANS 255 COMPUTE STATISTICS 
  STORAGE(INITIAL 65536 NEXT 1048576 MINEXTENTS 1 MAXEXTENTS 2147483645
  PCTINCREASE 0 FREELISTS 1 FREELIST GROUPS 1 BUFFER_POOL DEFAULT FLASH_CACHE DEFAULT CELL_FLASH_CACHE DEFAULT)
  TABLESPACE "SYSTEM"  ENABLE
  ALTER TABLE "RICO"."TBL_MAINTENANCE" ADD CONSTRAINT "CHK_MAINT_STATUS" CHECK (STATUS IN ('Pending','In Progress','Completed','Cancelled')) ENABLE
  ALTER TABLE "RICO"."TBL_MAINTENANCE" MODIFY ("SCHEDULED_DATE" NOT NULL ENABLE)
  ALTER TABLE "RICO"."TBL_MAINTENANCE" MODIFY ("TECH_LAST_NAME" NOT NULL ENABLE)
  ALTER TABLE "RICO"."TBL_MAINTENANCE" MODIFY ("TECH_FIRST_NAME" NOT NULL ENABLE)
  ALTER TABLE "RICO"."TBL_MAINTENANCE" MODIFY ("ISSUE_DESCRIPTION" NOT NULL ENABLE)
  ALTER TABLE "RICO"."TBL_MAINTENANCE" MODIFY ("TYPE_ID" NOT NULL ENABLE)
  ALTER TABLE "RICO"."TBL_MAINTENANCE" MODIFY ("ASSET_ID" NOT NULL ENABLE)
--------------------------------------------------------
--  Ref Constraints for Table REMEMBER_TOKENS
--------------------------------------------------------

  ALTER TABLE "RICO"."REMEMBER_TOKENS" ADD CONSTRAINT "REMEMBER_TOKEN_USER_FK" FOREIGN KEY ("USER_ID")
	  REFERENCES "RICO"."USERS" ("USER_ID") ON DELETE CASCADE ENABLE
--------------------------------------------------------
--  Ref Constraints for Table TBL_ASSETS
--------------------------------------------------------

  ALTER TABLE "RICO"."TBL_ASSETS" ADD CONSTRAINT "FK_ASSET_CATEGORY" FOREIGN KEY ("CATEGORY_ID")
	  REFERENCES "RICO"."TBL_CATEGORIES" ("CATEGORY_ID") ENABLE
  ALTER TABLE "RICO"."TBL_ASSETS" ADD CONSTRAINT "FK_ASSET_CUSTODIAN" FOREIGN KEY ("CUSTODIAN_ID")
	  REFERENCES "RICO"."TBL_CUSTODIANS" ("CUSTODIAN_ID") ON DELETE SET NULL ENABLE
  ALTER TABLE "RICO"."TBL_ASSETS" ADD CONSTRAINT "FK_ASSET_DEPARTMENT" FOREIGN KEY ("DEPARTMENT_ID")
	  REFERENCES "RICO"."TBL_DEPARTMENTS" ("DEPARTMENT_ID") ENABLE
  ALTER TABLE "RICO"."TBL_ASSETS" ADD CONSTRAINT "FK_ASSET_ITEM_TYPE" FOREIGN KEY ("ITEM_TYPE_ID")
	  REFERENCES "RICO"."TBL_ITEM_TYPES" ("ITEM_TYPE_ID") ENABLE
--------------------------------------------------------
--  Ref Constraints for Table TBL_BORROWS
--------------------------------------------------------

  ALTER TABLE "RICO"."TBL_BORROWS" ADD CONSTRAINT "FK_BORROW_ASSET" FOREIGN KEY ("ASSET_ID")
	  REFERENCES "RICO"."TBL_ASSETS" ("ASSET_ID") ON DELETE CASCADE ENABLE
  ALTER TABLE "RICO"."TBL_BORROWS" ADD CONSTRAINT "FK_BORROW_DEPT" FOREIGN KEY ("DEPARTMENT_ID")
	  REFERENCES "RICO"."TBL_DEPARTMENTS" ("DEPARTMENT_ID") ENABLE
--------------------------------------------------------
--  Ref Constraints for Table TBL_CUSTODIANS
--------------------------------------------------------

  ALTER TABLE "RICO"."TBL_CUSTODIANS" ADD CONSTRAINT "FK_CUST_DEPT" FOREIGN KEY ("DEPARTMENT_ID")
	  REFERENCES "RICO"."TBL_DEPARTMENTS" ("DEPARTMENT_ID") ENABLE
--------------------------------------------------------
--  Ref Constraints for Table TBL_DELETION_REQUESTS
--------------------------------------------------------

  ALTER TABLE "RICO"."TBL_DELETION_REQUESTS" ADD CONSTRAINT "FK_DELREQ_ASSET" FOREIGN KEY ("ASSET_ID")
	  REFERENCES "RICO"."TBL_ASSETS" ("ASSET_ID") ON DELETE CASCADE ENABLE
--------------------------------------------------------
--  Ref Constraints for Table TBL_MAINTENANCE
--------------------------------------------------------

  ALTER TABLE "RICO"."TBL_MAINTENANCE" ADD CONSTRAINT "FK_MAINT_ASSET" FOREIGN KEY ("ASSET_ID")
	  REFERENCES "RICO"."TBL_ASSETS" ("ASSET_ID") ENABLE
  ALTER TABLE "RICO"."TBL_MAINTENANCE" ADD CONSTRAINT "FK_MAINT_TYPE" FOREIGN KEY ("TYPE_ID")
	  REFERENCES "RICO"."TBL_MAINTENANCE_TYPES" ("TYPE_ID") ENABLE
--------------------------------------------------------
--  Ref Constraints for Table TBL_NOTIFICATIONS
--------------------------------------------------------

  ALTER TABLE "RICO"."TBL_NOTIFICATIONS" ADD FOREIGN KEY ("USER_ID")
	  REFERENCES "RICO"."USERS" ("USER_ID") ENABLE
